BuffDetail表格,,,,,,,,,,,,,,,,,,,,,,
Both,,,,,,,,,,,,,,,,,,,,,,
ID,VariableName,VariableComment,BuffTypeID,Name,Description,BuffTime,Param0,ParamDesc0,Param1,ParamDesc1,Param2,ParamDesc2,Param3,ParamDesc3,Param4,ParamDesc4,Param5,ParamDesc5,Param6,ParamDesc6,Param7,ParamDesc7
int,string,string,int,string,string,float,string,string,string,string,string,string,string,string,string,string,string,string,string,string,string,string
Both,None,None,Both,Both,Both,Both,Both,Both,Both,Both,Both,Both,Both,Both,Both,Both,Both,Both,Both,Both,Both,Both
唯一ID,生成的变量名,注释,"buff类型ID,索引到Buff表",buff名字,buff描述,"buff持续时间,-1表示无限,0表示只生效一帧,大于0表示持续时间,单位秒",参数0,参数描述0,参数1,参数描述1,参数2,参数描述2,参数3,参数描述3,参数4,参数描述4,参数5,参数描述5,参数6,参数描述6,参数7,参数描述7
,,,,,,,,,,,,,,,,,,,,,,
,,,,,,,,,,,,,,,,,,,,,,
,,,,,,,,,,,,,,,,,,,,,,
33,,,14,"具有飞天能力,可以使用飞行路线",使用飞行路线进行寻路,-1,,,,,,,,,,,,,,,,
121,,,13,"百分比加速,固定百分比",怪物血量降低到50%以下时触发移动速度增加,2.5,2,提升的百分比,,,,,,,,,,,,,,
122,,,13,"百分比加速,固定百分比",怪物血量降低到25%以下时触发移动速度增加,2.5,2,提升的百分比,,,,,,,,,,,,,,
124,,,15,向前闪现一定距离,怪物血量降低到50%以下时向前闪现一定距离,0,2.5,"闪现距离,单位是格子大小",,,,,,,,,,,,,,
125,,,15,向前闪现一定距离,怪物血量降低到25%以下时向前闪现一定距离,0,2.5,"闪现距离,单位是格子大小",,,,,,,,,,,,,,
127,,,16,召唤怪物（法师狼专用）,召唤怪物ID#6-小灰狼-2只,0,6021,怪物ID,2,怪物数量,0.6,继承百分比,1,是否有位置偏移,999,生存时间,,,,,,
128,,,16,召唤怪物,怪物血量降低到25%以下时召唤怪物,0,6,怪物ID,1,怪物数量,0.3,继承百分比,1,是否有位置偏移,20,生存时间,,,,,,
1,,,9,命中敌人时触发,1级红宝石镶嵌到十字弓的效果,-1,2,BuffID,0,最大叠加次数,1,是否附加给被命中目标,0,触发CD,10000,触发万分比,,,,,,
2,,,36,伤害递减的燃烧伤害,1级红宝石镶嵌到十字弓的效果,-1,5,叠加的燃烧伤害值固定值,0,"叠加的燃烧伤害值百分比,塔攻击力的百分比",1,伤害间隔,0.7,"递减比例,首次附加时有效",2036,特效ID,,,,,,
3,,,9,命中敌人时触发,1级红宝石镶嵌到防空飞弹塔的效果,-1,4,BuffID,0,最大叠加次数,1,是否附加给被命中目标,0,触发CD,10000,触发万分比,,,,,,
4,,,36,伤害递减的燃烧伤害,1级红宝石镶嵌到防空飞弹塔的效果,-1,5,叠加的燃烧伤害值固定值,0,"叠加的燃烧伤害值百分比,塔攻击力的百分比",1,伤害间隔,0.7,"递减比例,首次附加时有效",2036,特效ID,,,,,,
524,,,9,命中敌人时触发,1级红宝石镶嵌到飞镖发射器的效果,-1,525,BuffID,0,最大叠加次数,1,是否附加给被命中目标,0,触发CD,10000,触发万分比,,,,,,
525,,,36,伤害递减的燃烧伤害,1级红宝石镶嵌到飞镖发射器的效果,-1,5,叠加的燃烧伤害值固定值,0,"叠加的燃烧伤害值百分比,塔攻击力的百分比",1,伤害间隔,0.7,"递减比例,首次附加时有效",2036,特效ID,,,,,,
5,,,9,命中敌人时触发,1级红宝石镶嵌到投石机的效果,-1,6,BuffID,0,最大叠加次数,1,是否附加给被命中目标,0,触发CD,10000,触发万分比,,,,,,
6,,,36,伤害递减的燃烧伤害,1级红宝石镶嵌到投石机的效果,-1,5,叠加的燃烧伤害值固定值,0,"叠加的燃烧伤害值百分比,塔攻击力的百分比",1,伤害间隔,0.7,"递减比例,首次附加时有效",2036,特效ID,,,,,,
7,,,9,命中敌人时触发,1级红宝石镶嵌到镶嵌塔的效果,-1,8,BuffID,0,最大叠加次数,1,是否附加给被命中目标,0,触发CD,10000,触发万分比,,,,,,
8,,,36,伤害递减的燃烧伤害,1级红宝石镶嵌到镶嵌塔的效果,-1,40,叠加的燃烧伤害值固定值,0.5,"叠加的燃烧伤害值百分比,塔攻击力的百分比",1,伤害间隔,0.7,"递减比例,首次附加时有效",2036,特效ID,,,,,,
364,,,9,命中敌人时触发,1级红宝石镶嵌到火炮塔的效果,-1,365,BuffID,0,最大叠加次数,1,是否附加给被命中目标,0,触发CD,10000,触发万分比,,,,,,
365,,,36,伤害递减的燃烧伤害,1级红宝石镶嵌到火炮塔的效果,-1,20,叠加的燃烧伤害值固定值,0,"叠加的燃烧伤害值百分比,塔攻击力的百分比",1,伤害间隔,0.7,"递减比例,首次附加时有效",2036,特效ID,,,,,,
404,,,9,命中敌人时触发,1级红宝石镶嵌到球形飞弹塔的效果,-1,405,BuffID,0,最大叠加次数,1,是否附加给被命中目标,0,触发CD,10000,触发万分比,,,,,,
405,,,36,伤害递减的燃烧伤害,1级红宝石镶嵌到球形飞弹塔的效果,-1,20,叠加的燃烧伤害值固定值,0,"叠加的燃烧伤害值百分比,塔攻击力的百分比",1,伤害间隔,0.7,"递减比例,首次附加时有效",2036,特效ID,,,,,,
484,,,9,命中敌人时触发,1级红宝石镶嵌到天空之矛的效果,-1,485,BuffID,0,最大叠加次数,1,是否附加给被命中目标,0,触发CD,10000,触发万分比,,,,,,
485,,,36,伤害递减的燃烧伤害,1级红宝石镶嵌到天空之矛的效果,-1,20,叠加的燃烧伤害值固定值,0,"叠加的燃烧伤害值百分比,塔攻击力的百分比",1,伤害间隔,0.7,"递减比例,首次附加时有效",2036,特效ID,,,,,,
444,,,9,命中敌人时触发,1级红宝石镶嵌到霰弹塔的效果,-1,445,BuffID,0,最大叠加次数,1,是否附加给被命中目标,0,触发CD,10000,触发万分比,,,,,,
445,,,36,伤害递减的燃烧伤害,1级红宝石镶嵌到霰弹塔的效果,-1,20,叠加的燃烧伤害值固定值,0,"叠加的燃烧伤害值百分比,塔攻击力的百分比",1,伤害间隔,0.7,"递减比例,首次附加时有效",2036,特效ID,,,,,,
564,,,9,命中敌人时触发,1级红宝石镶嵌到气球炸弹塔的效果,-1,565,BuffID,0,最大叠加次数,1,是否附加给被命中目标,0,触发CD,10000,触发万分比,,,,,,
565,,,36,伤害递减的燃烧伤害,1级红宝石镶嵌到气球炸弹塔的效果,-1,40,叠加的燃烧伤害值固定值,0,"叠加的燃烧伤害值百分比,塔攻击力的百分比",1,伤害间隔,0.7,"递减比例,首次附加时有效",2036,特效ID,,,,,,
604,,,9,命中敌人时触发,1级红宝石镶嵌到电磁震荡塔的效果,-1,605,BuffID,0,最大叠加次数,1,是否附加给被命中目标,0,触发CD,10000,触发万分比,,,,,,
605,,,36,伤害递减的燃烧伤害,1级红宝石镶嵌到电磁震荡塔的效果,-1,40,叠加的燃烧伤害值固定值,0,"叠加的燃烧伤害值百分比,塔攻击力的百分比",1,伤害间隔,0.7,"递减比例,首次附加时有效",2036,特效ID,,,,,,
644,,,9,命中敌人时触发,1级红宝石镶嵌到风刃发射器的效果,-1,645,BuffID,0,最大叠加次数,1,是否附加给被命中目标,0,触发CD,10000,触发万分比,,,,,,
645,,,36,伤害递减的燃烧伤害,1级红宝石镶嵌到风刃发射器的效果,-1,40,叠加的燃烧伤害值固定值,0,"叠加的燃烧伤害值百分比,塔攻击力的百分比",1,伤害间隔,0.7,"递减比例,首次附加时有效",2036,特效ID,,,,,,
9,,,9,命中敌人时触发,1级绿宝石镶嵌到十字弓的效果,-1,10,BuffID,0,最大叠加次数,1,是否附加给被命中目标,0,触发CD,10000,触发万分比,,,,,,
10,,,3,中毒,1级绿宝石镶嵌到十字弓的效果,5,2,叠加层数,2003,特效ID,,,,,,,,,,,,
11,,,9,命中敌人时触发,1级绿宝石镶嵌到防空飞弹塔的效果,-1,12,BuffID,0,最大叠加次数,1,是否附加给被命中目标,0,触发CD,10000,触发万分比,,,,,,
12,,,3,中毒,1级绿宝石镶嵌到防空飞弹塔的效果,5,2,叠加层数,2003,特效ID,,,,,,,,,,,,
13,,,9,命中敌人时触发,1级绿宝石镶嵌到投石机的效果,-1,14,BuffID,0,最大叠加次数,1,是否附加给被命中目标,0,触发CD,10000,触发万分比,,,,,,
14,,,3,中毒,1级绿宝石镶嵌到投石机的效果,5,2,叠加层数,2003,特效ID,,,,,,,,,,,,
15,,,9,命中敌人时触发,1级绿宝石镶嵌到镶嵌塔的效果,-1,16,BuffID,0,最大叠加次数,1,是否附加给被命中目标,0,触发CD,10000,触发万分比,,,,,,
16,,,3,中毒,1级绿宝石镶嵌到镶嵌塔的效果,5,8,叠加层数,2003,特效ID,,,,,,,,,,,,
17,,,9,命中敌人时触发,1级蓝宝石镶嵌到十字弓的效果,-1,18,BuffID,0,最大叠加次数,1,是否附加给被命中目标,0,触发CD,10000,触发万分比,,,,,,
18,,,4,"百分比减速,固定百分比",1级蓝宝石镶嵌到十字弓的效果,3,0.1,减速百分比,2004,特效ID,,,,,,,,,,,,
19,,,9,命中敌人时触发,1级蓝宝石镶嵌到防空飞弹塔的效果,-1,20,BuffID,0,最大叠加次数,1,是否附加给被命中目标,0,触发CD,10000,触发万分比,,,,,,
20,,,4,"百分比减速,固定百分比",1级蓝宝石镶嵌到防空飞弹塔的效果,3,0.1,减速百分比,2004,特效ID,,,,,,,,,,,,
21,,,9,命中敌人时触发,1级蓝宝石镶嵌到投石机的效果,-1,22,BuffID,0,最大叠加次数,1,是否附加给被命中目标,0,触发CD,10000,触发万分比,,,,,,
22,,,4,"百分比减速,固定百分比",1级蓝宝石镶嵌到投石机的效果,3,0.1,减速百分比,2004,特效ID,,,,,,,,,,,,
23,,,9,命中敌人时触发,1级蓝宝石镶嵌到镶嵌塔的效果,-1,24,BuffID,0,最大叠加次数,1,是否附加给被命中目标,0,触发CD,10000,触发万分比,,,,,,
24,,,5,"百分比减速,根据宝石等级和塔等级计算",1级蓝宝石镶嵌到镶嵌塔的效果,3,,,,,,,,,,,,,,,,
129,,,9,命中敌人时触发,2级红宝石镶嵌到十字弓的效果,-1,130,BuffID,0,最大叠加次数,1,是否附加给被命中目标,0,触发CD,10000,触发万分比,,,,,,
130,,,36,伤害递减的燃烧伤害,2级红宝石镶嵌到十字弓的效果,-1,10,叠加的燃烧伤害值固定值,0.6,叠加的燃烧伤害值百分比,1,伤害间隔,0.7,"递减比例,首次附加时有效",2036,特效ID,,,,,,
131,,,9,命中敌人时触发,2级红宝石镶嵌到防空飞弹塔的效果,-1,132,BuffID,0,最大叠加次数,1,是否附加给被命中目标,0,触发CD,10000,触发万分比,,,,,,
132,,,36,伤害递减的燃烧伤害,2级红宝石镶嵌到防空飞弹塔的效果,-1,10,叠加的燃烧伤害值固定值,0.6,叠加的燃烧伤害值百分比,1,伤害间隔,0.7,"递减比例,首次附加时有效",2036,特效ID,,,,,,
133,,,9,命中敌人时触发,2级红宝石镶嵌到投石机的效果,-1,134,BuffID,0,最大叠加次数,1,是否附加给被命中目标,0,触发CD,10000,触发万分比,,,,,,
134,,,36,伤害递减的燃烧伤害,2级红宝石镶嵌到投石机的效果,-1,10,叠加的燃烧伤害值固定值,0.6,叠加的燃烧伤害值百分比,1,伤害间隔,0.7,"递减比例,首次附加时有效",2036,特效ID,,,,,,
135,,,9,命中敌人时触发,2级红宝石镶嵌到镶嵌塔的效果,-1,136,BuffID,0,最大叠加次数,1,是否附加给被命中目标,0,触发CD,10000,触发万分比,,,,,,
136,,,36,伤害递减的燃烧伤害,2级红宝石镶嵌到镶嵌塔的效果,-1,60,叠加的燃烧伤害值固定值,0.5,"叠加的燃烧伤害值百分比,塔攻击力的百分比",1,伤害间隔,0.7,"递减比例,首次附加时有效",2036,特效ID,,,,,,
137,,,9,命中敌人时触发,2级绿宝石镶嵌到十字弓的效果,-1,138,BuffID,0,最大叠加次数,1,是否附加给被命中目标,0,触发CD,10000,触发万分比,,,,,,
138,,,3,中毒,2级绿宝石镶嵌到十字弓的效果,5,4,叠加层数,2003,特效ID,,,,,,,,,,,,
139,,,9,命中敌人时触发,2级绿宝石镶嵌到防空飞弹塔的效果,-1,140,BuffID,0,最大叠加次数,1,是否附加给被命中目标,0,触发CD,10000,触发万分比,,,,,,
140,,,3,中毒,2级绿宝石镶嵌到防空飞弹塔的效果,5,4,叠加层数,2003,特效ID,,,,,,,,,,,,
141,,,9,命中敌人时触发,2级绿宝石镶嵌到投石机的效果,-1,142,BuffID,0,最大叠加次数,1,是否附加给被命中目标,0,触发CD,10000,触发万分比,,,,,,
142,,,3,中毒,2级绿宝石镶嵌到投石机的效果,5,4,叠加层数,2003,特效ID,,,,,,,,,,,,
143,,,9,命中敌人时触发,2级绿宝石镶嵌到镶嵌塔的效果,-1,144,BuffID,0,最大叠加次数,1,是否附加给被命中目标,0,触发CD,10000,触发万分比,,,,,,
144,,,3,中毒,2级绿宝石镶嵌到镶嵌塔的效果,5,12,叠加层数,2003,特效ID,,,,,,,,,,,,
145,,,9,命中敌人时触发,2级蓝宝石镶嵌到十字弓的效果,-1,146,BuffID,0,最大叠加次数,1,是否附加给被命中目标,0,触发CD,10000,触发万分比,,,,,,
146,,,4,"百分比减速,固定百分比",2级蓝宝石镶嵌到十字弓的效果,3,0.15,减速百分比,2004,特效ID,,,,,,,,,,,,
147,,,9,命中敌人时触发,2级蓝宝石镶嵌到防空飞弹塔的效果,-1,148,BuffID,0,最大叠加次数,1,是否附加给被命中目标,0,触发CD,10000,触发万分比,,,,,,
148,,,4,"百分比减速,固定百分比",2级蓝宝石镶嵌到防空飞弹塔的效果,3,0.15,减速百分比,2004,特效ID,,,,,,,,,,,,
149,,,9,命中敌人时触发,2级蓝宝石镶嵌到投石机的效果,-1,150,BuffID,0,最大叠加次数,1,是否附加给被命中目标,0,触发CD,10000,触发万分比,,,,,,
150,,,4,"百分比减速,固定百分比",2级蓝宝石镶嵌到投石机的效果,3,0.15,减速百分比,2004,特效ID,,,,,,,,,,,,
151,,,9,命中敌人时触发,2级蓝宝石镶嵌到镶嵌塔的效果,-1,152,BuffID,0,最大叠加次数,1,是否附加给被命中目标,0,触发CD,10000,触发万分比,,,,,,
152,,,5,"百分比减速,根据宝石等级和塔等级计算",2级蓝宝石镶嵌到镶嵌塔的效果,3,,,,,,,,,,,,,,,,
157,,,9,命中敌人时触发,3级红宝石镶嵌到十字弓的效果,-1,158,BuffID,0,最大叠加次数,1,是否附加给被命中目标,0,触发CD,10000,触发万分比,,,,,,
158,,,36,伤害递减的燃烧伤害,3级红宝石镶嵌到十字弓的效果,-1,20,叠加的燃烧伤害值固定值,0,叠加的燃烧伤害值百分比,1,伤害间隔,0.7,"递减比例,首次附加时有效",2036,特效ID,,,,,,
159,,,9,命中敌人时触发,3级红宝石镶嵌到防空飞弹塔的效果,-1,160,BuffID,0,最大叠加次数,1,是否附加给被命中目标,0,触发CD,10000,触发万分比,,,,,,
160,,,36,伤害递减的燃烧伤害,3级红宝石镶嵌到防空飞弹塔的效果,-1,20,叠加的燃烧伤害值固定值,0,叠加的燃烧伤害值百分比,1,伤害间隔,0.7,"递减比例,首次附加时有效",2036,特效ID,,,,,,
161,,,9,命中敌人时触发,3级红宝石镶嵌到投石机的效果,-1,162,BuffID,0,最大叠加次数,1,是否附加给被命中目标,0,触发CD,10000,触发万分比,,,,,,
162,,,36,伤害递减的燃烧伤害,3级红宝石镶嵌到投石机的效果,-1,20,叠加的燃烧伤害值固定值,0,叠加的燃烧伤害值百分比,1,伤害间隔,0.7,"递减比例,首次附加时有效",2036,特效ID,,,,,,
163,,,9,命中敌人时触发,3级红宝石镶嵌到镶嵌塔的效果,-1,164,BuffID,0,最大叠加次数,1,是否附加给被命中目标,0,触发CD,10000,触发万分比,,,,,,
164,,,36,伤害递减的燃烧伤害,3级红宝石镶嵌到镶嵌塔的效果,-1,100,叠加的燃烧伤害值固定值,0.5,叠加的燃烧伤害值百分比,1,伤害间隔,0.7,"递减比例,首次附加时有效",2036,特效ID,,,,,,
165,,,9,命中敌人时触发,3级绿宝石镶嵌到十字弓的效果,-1,166,BuffID,0,最大叠加次数,1,是否附加给被命中目标,0,触发CD,10000,触发万分比,,,,,,
166,,,3,中毒,3级绿宝石镶嵌到十字弓的效果,5,8,叠加层数,2003,特效ID,,,,,,,,,,,,
167,,,9,命中敌人时触发,3级绿宝石镶嵌到防空飞弹塔的效果,-1,168,BuffID,0,最大叠加次数,1,是否附加给被命中目标,0,触发CD,10000,触发万分比,,,,,,
168,,,3,中毒,3级绿宝石镶嵌到防空飞弹塔的效果,5,8,叠加层数,2003,特效ID,,,,,,,,,,,,
169,,,9,命中敌人时触发,3级绿宝石镶嵌到投石机的效果,-1,170,BuffID,0,最大叠加次数,1,是否附加给被命中目标,0,触发CD,10000,触发万分比,,,,,,
170,,,3,中毒,3级绿宝石镶嵌到投石机的效果,5,8,叠加层数,2003,特效ID,,,,,,,,,,,,
171,,,9,命中敌人时触发,3级绿宝石镶嵌到镶嵌塔的效果,-1,172,BuffID,0,最大叠加次数,1,是否附加给被命中目标,0,触发CD,10000,触发万分比,,,,,,
172,,,3,中毒,3级绿宝石镶嵌到镶嵌塔的效果,5,24,叠加层数,2003,特效ID,,,,,,,,,,,,
173,,,9,命中敌人时触发,3级蓝宝石镶嵌到十字弓的效果,-1,174,BuffID,0,最大叠加次数,1,是否附加给被命中目标,0,触发CD,10000,触发万分比,,,,,,
174,,,4,"百分比减速,固定百分比",3级蓝宝石镶嵌到十字弓的效果,3,0.18,减速百分比,2004,特效ID,,,,,,,,,,,,
175,,,9,命中敌人时触发,3级蓝宝石镶嵌到防空飞弹塔的效果,-1,176,BuffID,0,最大叠加次数,1,是否附加给被命中目标,0,触发CD,10000,触发万分比,,,,,,
176,,,4,"百分比减速,固定百分比",3级蓝宝石镶嵌到防空飞弹塔的效果,3,0.18,减速百分比,2004,特效ID,,,,,,,,,,,,
177,,,9,命中敌人时触发,3级蓝宝石镶嵌到投石机的效果,-1,178,BuffID,0,最大叠加次数,1,是否附加给被命中目标,0,触发CD,10000,触发万分比,,,,,,
178,,,4,"百分比减速,固定百分比",3级蓝宝石镶嵌到投石机的效果,3,0.18,减速百分比,2004,特效ID,,,,,,,,,,,,
179,,,9,命中敌人时触发,3级蓝宝石镶嵌到镶嵌塔的效果,-1,180,BuffID,0,最大叠加次数,1,是否附加给被命中目标,0,触发CD,10000,触发万分比,,,,,,
180,,,5,"百分比减速,根据宝石等级和塔等级计算",3级蓝宝石镶嵌到镶嵌塔的效果,3,,,,,,,,,,,,,,,,
185,,,9,命中敌人时触发,4级红宝石镶嵌到十字弓的效果,-1,186,BuffID,0,最大叠加次数,1,是否附加给被命中目标,0,触发CD,10000,触发万分比,,,,,,
186,,,36,伤害递减的燃烧伤害,4级红宝石镶嵌到十字弓的效果,-1,30,叠加的燃烧伤害值固定值,0,叠加的燃烧伤害值百分比,1,伤害间隔,0.7,"递减比例,首次附加时有效",2036,特效ID,,,,,,
187,,,9,命中敌人时触发,4级红宝石镶嵌到防空飞弹塔的效果,-1,188,BuffID,0,最大叠加次数,1,是否附加给被命中目标,0,触发CD,10000,触发万分比,,,,,,
188,,,36,伤害递减的燃烧伤害,4级红宝石镶嵌到防空飞弹塔的效果,-1,30,叠加的燃烧伤害值固定值,0,叠加的燃烧伤害值百分比,1,伤害间隔,0.7,"递减比例,首次附加时有效",2036,特效ID,,,,,,
189,,,9,命中敌人时触发,4级红宝石镶嵌到投石机的效果,-1,190,BuffID,0,最大叠加次数,1,是否附加给被命中目标,0,触发CD,10000,触发万分比,,,,,,
190,,,36,伤害递减的燃烧伤害,4级红宝石镶嵌到投石机的效果,-1,30,叠加的燃烧伤害值固定值,0,叠加的燃烧伤害值百分比,1,伤害间隔,0.7,"递减比例,首次附加时有效",2036,特效ID,,,,,,
191,,,9,命中敌人时触发,4级红宝石镶嵌到镶嵌塔的效果,-1,192,BuffID,0,最大叠加次数,1,是否附加给被命中目标,0,触发CD,10000,触发万分比,,,,,,
192,,,36,伤害递减的燃烧伤害,4级红宝石镶嵌到镶嵌塔的效果,-1,150,叠加的燃烧伤害值固定值,0.5,叠加的燃烧伤害值百分比,1,伤害间隔,0.7,"递减比例,首次附加时有效",2036,特效ID,,,,,,
193,,,9,命中敌人时触发,4级绿宝石镶嵌到十字弓的效果,-1,194,BuffID,0,最大叠加次数,1,是否附加给被命中目标,0,触发CD,10000,触发万分比,,,,,,
194,,,3,中毒,4级绿宝石镶嵌到十字弓的效果,5,12,叠加层数,2003,特效ID,,,,,,,,,,,,
195,,,9,命中敌人时触发,4级绿宝石镶嵌到防空飞弹塔的效果,-1,196,BuffID,0,最大叠加次数,1,是否附加给被命中目标,0,触发CD,10000,触发万分比,,,,,,
196,,,3,中毒,4级绿宝石镶嵌到防空飞弹塔的效果,5,12,叠加层数,2003,特效ID,,,,,,,,,,,,
197,,,9,命中敌人时触发,4级绿宝石镶嵌到投石机的效果,-1,198,BuffID,0,最大叠加次数,1,是否附加给被命中目标,0,触发CD,10000,触发万分比,,,,,,
198,,,3,中毒,4级绿宝石镶嵌到投石机的效果,5,12,叠加层数,2003,特效ID,,,,,,,,,,,,
199,,,9,命中敌人时触发,4级绿宝石镶嵌到镶嵌塔的效果,-1,200,BuffID,0,最大叠加次数,1,是否附加给被命中目标,0,触发CD,10000,触发万分比,,,,,,
200,,,3,中毒,4级绿宝石镶嵌到镶嵌塔的效果,5,36,叠加层数,2003,特效ID,,,,,,,,,,,,
201,,,9,命中敌人时触发,4级蓝宝石镶嵌到十字弓的效果,-1,202,BuffID,0,最大叠加次数,1,是否附加给被命中目标,0,触发CD,10000,触发万分比,,,,,,
202,,,4,"百分比减速,固定百分比",4级蓝宝石镶嵌到十字弓的效果,3,0.2,减速百分比,2004,特效ID,,,,,,,,,,,,
203,,,9,命中敌人时触发,4级蓝宝石镶嵌到防空飞弹塔的效果,-1,204,BuffID,0,最大叠加次数,1,是否附加给被命中目标,0,触发CD,10000,触发万分比,,,,,,
204,,,4,"百分比减速,固定百分比",4级蓝宝石镶嵌到防空飞弹塔的效果,3,0.2,减速百分比,2004,特效ID,,,,,,,,,,,,
205,,,9,命中敌人时触发,4级蓝宝石镶嵌到投石机的效果,-1,206,BuffID,0,最大叠加次数,1,是否附加给被命中目标,0,触发CD,10000,触发万分比,,,,,,
206,,,4,"百分比减速,固定百分比",4级蓝宝石镶嵌到投石机的效果,3,0.2,减速百分比,2004,特效ID,,,,,,,,,,,,
207,,,9,命中敌人时触发,4级蓝宝石镶嵌到镶嵌塔的效果,-1,208,BuffID,0,最大叠加次数,1,是否附加给被命中目标,0,触发CD,10000,触发万分比,,,,,,
208,,,5,"百分比减速,根据宝石等级和塔等级计算",4级蓝宝石镶嵌到镶嵌塔的效果,3,,,,,,,,,,,,,,,,
213,,,9,命中敌人时触发,5级红宝石镶嵌到十字弓的效果,-1,214,BuffID,0,最大叠加次数,1,是否附加给被命中目标,0,触发CD,10000,触发万分比,,,,,,
214,,,36,伤害递减的燃烧伤害,5级红宝石镶嵌到十字弓的效果,-1,50,叠加的燃烧伤害值固定值,0,叠加的燃烧伤害值百分比,1,伤害间隔,0.7,"递减比例,首次附加时有效",2036,特效ID,,,,,,
215,,,9,命中敌人时触发,5级红宝石镶嵌到防空飞弹塔的效果,-1,216,BuffID,0,最大叠加次数,1,是否附加给被命中目标,0,触发CD,10000,触发万分比,,,,,,
216,,,36,伤害递减的燃烧伤害,5级红宝石镶嵌到防空飞弹塔的效果,-1,50,叠加的燃烧伤害值固定值,0,叠加的燃烧伤害值百分比,1,伤害间隔,0.7,"递减比例,首次附加时有效",2036,特效ID,,,,,,
217,,,9,命中敌人时触发,5级红宝石镶嵌到投石机的效果,-1,218,BuffID,0,最大叠加次数,1,是否附加给被命中目标,0,触发CD,10000,触发万分比,,,,,,
218,,,36,伤害递减的燃烧伤害,5级红宝石镶嵌到投石机的效果,-1,50,叠加的燃烧伤害值固定值,0,叠加的燃烧伤害值百分比,1,伤害间隔,0.7,"递减比例,首次附加时有效",2036,特效ID,,,,,,
219,,,9,命中敌人时触发,5级红宝石镶嵌到镶嵌塔的效果,-1,220,BuffID,0,最大叠加次数,1,是否附加给被命中目标,0,触发CD,10000,触发万分比,,,,,,
220,,,36,伤害递减的燃烧伤害,5级红宝石镶嵌到镶嵌塔的效果,-1,200,叠加的燃烧伤害值固定值,0.5,叠加的燃烧伤害值百分比,1,伤害间隔,0.7,"递减比例,首次附加时有效",2036,特效ID,,,,,,
221,,,9,命中敌人时触发,5级绿宝石镶嵌到十字弓的效果,-1,222,BuffID,0,最大叠加次数,1,是否附加给被命中目标,0,触发CD,10000,触发万分比,,,,,,
222,,,3,中毒,5级绿宝石镶嵌到十字弓的效果,5,15,叠加层数,2003,特效ID,,,,,,,,,,,,
223,,,9,命中敌人时触发,5级绿宝石镶嵌到防空飞弹塔的效果,-1,224,BuffID,0,最大叠加次数,1,是否附加给被命中目标,0,触发CD,10000,触发万分比,,,,,,
224,,,3,中毒,5级绿宝石镶嵌到防空飞弹塔的效果,5,15,叠加层数,2003,特效ID,,,,,,,,,,,,
225,,,9,命中敌人时触发,5级绿宝石镶嵌到投石机的效果,-1,226,BuffID,0,最大叠加次数,1,是否附加给被命中目标,0,触发CD,10000,触发万分比,,,,,,
226,,,3,中毒,5级绿宝石镶嵌到投石机的效果,5,15,叠加层数,2003,特效ID,,,,,,,,,,,,
227,,,9,命中敌人时触发,5级绿宝石镶嵌到镶嵌塔的效果,-1,228,BuffID,0,最大叠加次数,1,是否附加给被命中目标,0,触发CD,10000,触发万分比,,,,,,
228,,,3,中毒,5级绿宝石镶嵌到镶嵌塔的效果,5,45,叠加层数,2003,特效ID,,,,,,,,,,,,
229,,,9,命中敌人时触发,5级蓝宝石镶嵌到十字弓的效果,-1,230,BuffID,0,最大叠加次数,1,是否附加给被命中目标,0,触发CD,10000,触发万分比,,,,,,
230,,,4,"百分比减速,固定百分比",5级蓝宝石镶嵌到十字弓的效果,3,0.23,减速百分比,2004,特效ID,,,,,,,,,,,,
231,,,9,命中敌人时触发,5级蓝宝石镶嵌到防空飞弹塔的效果,-1,232,BuffID,0,最大叠加次数,1,是否附加给被命中目标,0,触发CD,10000,触发万分比,,,,,,
232,,,4,"百分比减速,固定百分比",5级蓝宝石镶嵌到防空飞弹塔的效果,3,0.23,减速百分比,2004,特效ID,,,,,,,,,,,,
233,,,9,命中敌人时触发,5级蓝宝石镶嵌到投石机的效果,-1,234,BuffID,0,最大叠加次数,1,是否附加给被命中目标,0,触发CD,10000,触发万分比,,,,,,
234,,,4,"百分比减速,固定百分比",5级蓝宝石镶嵌到投石机的效果,3,0.23,减速百分比,2004,特效ID,,,,,,,,,,,,
235,,,9,命中敌人时触发,5级蓝宝石镶嵌到镶嵌塔的效果,-1,236,BuffID,0,最大叠加次数,1,是否附加给被命中目标,0,触发CD,10000,触发万分比,,,,,,
236,,,5,"百分比减速,根据宝石等级和塔等级计算",5级蓝宝石镶嵌到镶嵌塔的效果,3,,,,,,,,,,,,,,,,
366,,,9,命中敌人时触发,2级红宝石镶嵌到火炮塔的效果,-1,367,BuffID,0,最大叠加次数,1,是否附加给被命中目标,0,触发CD,10000,触发万分比,,,,,,
367,,,36,伤害递减的燃烧伤害,2级红宝石镶嵌到火炮塔的效果,-1,30,叠加的燃烧伤害值固定值,0,"叠加的燃烧伤害值百分比,塔攻击力的百分比",1,伤害间隔,0.7,"递减比例,首次附加时有效",2036,特效ID,,,,,,
368,,,9,命中敌人时触发,3级红宝石镶嵌到火炮塔的效果,-1,369,BuffID,0,最大叠加次数,1,是否附加给被命中目标,0,触发CD,10000,触发万分比,,,,,,
369,,,36,伤害递减的燃烧伤害,3级红宝石镶嵌到火炮塔的效果,-1,50,叠加的燃烧伤害值固定值,0,"叠加的燃烧伤害值百分比,塔攻击力的百分比",1,伤害间隔,0.7,"递减比例,首次附加时有效",2036,特效ID,,,,,,
370,,,9,命中敌人时触发,4级红宝石镶嵌到火炮塔的效果,-1,371,BuffID,0,最大叠加次数,1,是否附加给被命中目标,0,触发CD,10000,触发万分比,,,,,,
371,,,36,伤害递减的燃烧伤害,4级红宝石镶嵌到火炮塔的效果,-1,80,叠加的燃烧伤害值固定值,0,"叠加的燃烧伤害值百分比,塔攻击力的百分比",1,伤害间隔,0.7,"递减比例,首次附加时有效",2036,特效ID,,,,,,
372,,,9,命中敌人时触发,5级红宝石镶嵌到火炮塔的效果,-1,373,BuffID,0,最大叠加次数,1,是否附加给被命中目标,0,触发CD,10000,触发万分比,,,,,,
373,,,36,伤害递减的燃烧伤害,5级红宝石镶嵌到火炮塔的效果,-1,120,叠加的燃烧伤害值固定值,0,"叠加的燃烧伤害值百分比,塔攻击力的百分比",1,伤害间隔,0.7,"递减比例,首次附加时有效",2036,特效ID,,,,,,
374,,,9,命中敌人时触发,1级绿宝石镶嵌到火炮塔的效果,-1,375,BuffID,0,最大叠加次数,1,是否附加给被命中目标,0,触发CD,10000,触发万分比,,,,,,
375,,,3,中毒,1级绿宝石镶嵌到火炮塔的效果,5,4,叠加层数,2003,特效ID,,,,,,,,,,,,
376,,,9,命中敌人时触发,2级绿宝石镶嵌到火炮塔的效果,-1,377,BuffID,0,最大叠加次数,1,是否附加给被命中目标,0,触发CD,10000,触发万分比,,,,,,
377,,,3,中毒,2级绿宝石镶嵌到火炮塔的效果,5,6,叠加层数,2003,特效ID,,,,,,,,,,,,
378,,,9,命中敌人时触发,3级绿宝石镶嵌到火炮塔的效果,-1,379,BuffID,0,最大叠加次数,1,是否附加给被命中目标,0,触发CD,10000,触发万分比,,,,,,
379,,,3,中毒,3级绿宝石镶嵌到火炮塔的效果,5,12,叠加层数,2003,特效ID,,,,,,,,,,,,
380,,,9,命中敌人时触发,4级绿宝石镶嵌到火炮塔的效果,-1,381,BuffID,0,最大叠加次数,1,是否附加给被命中目标,0,触发CD,10000,触发万分比,,,,,,
381,,,3,中毒,4级绿宝石镶嵌到火炮塔的效果,5,24,叠加层数,2003,特效ID,,,,,,,,,,,,
382,,,9,命中敌人时触发,5级绿宝石镶嵌到火炮塔的效果,-1,383,BuffID,0,最大叠加次数,1,是否附加给被命中目标,0,触发CD,10000,触发万分比,,,,,,
383,,,3,中毒,5级绿宝石镶嵌到火炮塔的效果,5,30,叠加层数,2003,特效ID,,,,,,,,,,,,
384,,,9,命中敌人时触发,1级蓝宝石镶嵌到火炮塔的效果,-1,385,BuffID,0,最大叠加次数,1,是否附加给被命中目标,0,触发CD,10000,触发万分比,,,,,,
385,,,4,"百分比减速,固定百分比",1级蓝宝石镶嵌到火炮塔的效果,3,0.1,减速百分比,2004,特效ID,,,,,,,,,,,,
386,,,9,命中敌人时触发,2级蓝宝石镶嵌到火炮塔的效果,-1,387,BuffID,0,最大叠加次数,1,是否附加给被命中目标,0,触发CD,10000,触发万分比,,,,,,
387,,,4,"百分比减速,固定百分比",2级蓝宝石镶嵌到火炮塔的效果,3,0.15,减速百分比,2004,特效ID,,,,,,,,,,,,
388,,,9,命中敌人时触发,3级蓝宝石镶嵌到火炮塔的效果,-1,389,BuffID,0,最大叠加次数,1,是否附加给被命中目标,0,触发CD,10000,触发万分比,,,,,,
389,,,4,"百分比减速,固定百分比",3级蓝宝石镶嵌到火炮塔的效果,3,0.18,减速百分比,2004,特效ID,,,,,,,,,,,,
390,,,9,命中敌人时触发,4级蓝宝石镶嵌到火炮塔的效果,-1,391,BuffID,0,最大叠加次数,1,是否附加给被命中目标,0,触发CD,10000,触发万分比,,,,,,
391,,,4,"百分比减速,固定百分比",4级蓝宝石镶嵌到火炮塔的效果,3,0.2,减速百分比,2004,特效ID,,,,,,,,,,,,
392,,,9,命中敌人时触发,5级蓝宝石镶嵌到火炮塔的效果,-1,393,BuffID,0,最大叠加次数,1,是否附加给被命中目标,0,触发CD,10000,触发万分比,,,,,,
393,,,4,"百分比减速,固定百分比",5级蓝宝石镶嵌到火炮塔的效果,3,0.23,减速百分比,2004,特效ID,,,,,,,,,,,,
394,,,9,命中敌人时触发,1级紫宝石镶嵌到火炮塔的效果,-1,395,BuffID,0,最大叠加次数,1,是否附加给被命中目标,0,触发CD,1000,触发万分比,,,,,,
395,,,98,感电,1级紫宝石镶嵌到火炮塔的效果,3,0.12,附加伤害百分比,2098,特效ID,,,,,,,,,,,,
396,,,9,命中敌人时触发,2级紫宝石镶嵌到火炮塔的效果,-1,397,BuffID,0,最大叠加次数,1,是否附加给被命中目标,0,触发CD,1200,触发万分比,,,,,,
397,,,98,感电,2级紫宝石镶嵌到火炮塔的效果,3,0.2,附加伤害百分比,2098,特效ID,,,,,,,,,,,,
398,,,9,命中敌人时触发,3级紫宝石镶嵌到火炮塔的效果,-1,399,BuffID,0,最大叠加次数,1,是否附加给被命中目标,0,触发CD,1400,触发万分比,,,,,,
399,,,98,感电,3级紫宝石镶嵌到火炮塔的效果,3,0.3,附加伤害百分比,2098,特效ID,,,,,,,,,,,,
400,,,9,命中敌人时触发,4级紫宝石镶嵌到火炮塔的效果,-1,401,BuffID,0,最大叠加次数,1,是否附加给被命中目标,0,触发CD,1800,触发万分比,,,,,,
401,,,98,感电,4级紫宝石镶嵌到火炮塔的效果,3,0.45,附加伤害百分比,2098,特效ID,,,,,,,,,,,,
402,,,9,命中敌人时触发,5级紫宝石镶嵌到火炮塔的效果,-1,403,BuffID,0,最大叠加次数,1,是否附加给被命中目标,0,触发CD,1800,触发万分比,,,,,,
403,,,98,感电,5级紫宝石镶嵌到火炮塔的效果,3,0.6,附加伤害百分比,2098,特效ID,,,,,,,,,,,,
406,,,9,命中敌人时触发,2级红宝石镶嵌到球形飞弹塔的效果,-1,407,BuffID,0,最大叠加次数,1,是否附加给被命中目标,0,触发CD,10000,触发万分比,,,,,,
407,,,36,伤害递减的燃烧伤害,2级红宝石镶嵌到球形飞弹塔的效果,-1,30,叠加的燃烧伤害值固定值,0,"叠加的燃烧伤害值百分比,塔攻击力的百分比",1,伤害间隔,0.7,"递减比例,首次附加时有效",2036,特效ID,,,,,,
408,,,9,命中敌人时触发,3级红宝石镶嵌到球形飞弹塔的效果,-1,409,BuffID,0,最大叠加次数,1,是否附加给被命中目标,0,触发CD,10000,触发万分比,,,,,,
409,,,36,伤害递减的燃烧伤害,3级红宝石镶嵌到球形飞弹塔的效果,-1,50,叠加的燃烧伤害值固定值,0,"叠加的燃烧伤害值百分比,塔攻击力的百分比",1,伤害间隔,0.7,"递减比例,首次附加时有效",2036,特效ID,,,,,,
410,,,9,命中敌人时触发,4级红宝石镶嵌到球形飞弹塔的效果,-1,411,BuffID,0,最大叠加次数,1,是否附加给被命中目标,0,触发CD,10000,触发万分比,,,,,,
411,,,36,伤害递减的燃烧伤害,4级红宝石镶嵌到球形飞弹塔的效果,-1,80,叠加的燃烧伤害值固定值,0,"叠加的燃烧伤害值百分比,塔攻击力的百分比",1,伤害间隔,0.7,"递减比例,首次附加时有效",2036,特效ID,,,,,,
412,,,9,命中敌人时触发,5级红宝石镶嵌到球形飞弹塔的效果,-1,413,BuffID,0,最大叠加次数,1,是否附加给被命中目标,0,触发CD,10000,触发万分比,,,,,,
413,,,36,伤害递减的燃烧伤害,5级红宝石镶嵌到球形飞弹塔的效果,-1,120,叠加的燃烧伤害值固定值,0,"叠加的燃烧伤害值百分比,塔攻击力的百分比",1,伤害间隔,0.7,"递减比例,首次附加时有效",2036,特效ID,,,,,,
414,,,9,命中敌人时触发,1级绿宝石镶嵌到球形飞弹塔的效果,-1,415,BuffID,0,最大叠加次数,1,是否附加给被命中目标,0,触发CD,10000,触发万分比,,,,,,
415,,,3,中毒,1级绿宝石镶嵌到球形飞弹塔的效果,5,4,叠加层数,2003,特效ID,,,,,,,,,,,,
416,,,9,命中敌人时触发,2级绿宝石镶嵌到球形飞弹塔的效果,-1,417,BuffID,0,最大叠加次数,1,是否附加给被命中目标,0,触发CD,10000,触发万分比,,,,,,
417,,,3,中毒,2级绿宝石镶嵌到球形飞弹塔的效果,5,6,叠加层数,2003,特效ID,,,,,,,,,,,,
418,,,9,命中敌人时触发,3级绿宝石镶嵌到球形飞弹塔的效果,-1,419,BuffID,0,最大叠加次数,1,是否附加给被命中目标,0,触发CD,10000,触发万分比,,,,,,
419,,,3,中毒,3级绿宝石镶嵌到球形飞弹塔的效果,5,12,叠加层数,2003,特效ID,,,,,,,,,,,,
420,,,9,命中敌人时触发,4级绿宝石镶嵌到球形飞弹塔的效果,-1,421,BuffID,0,最大叠加次数,1,是否附加给被命中目标,0,触发CD,10000,触发万分比,,,,,,
421,,,3,中毒,4级绿宝石镶嵌到球形飞弹塔的效果,5,24,叠加层数,2003,特效ID,,,,,,,,,,,,
422,,,9,命中敌人时触发,5级绿宝石镶嵌到球形飞弹塔的效果,-1,423,BuffID,0,最大叠加次数,1,是否附加给被命中目标,0,触发CD,10000,触发万分比,,,,,,
423,,,3,中毒,5级绿宝石镶嵌到球形飞弹塔的效果,5,30,叠加层数,2003,特效ID,,,,,,,,,,,,
424,,,9,命中敌人时触发,1级蓝宝石镶嵌到球形飞弹塔的效果,-1,425,BuffID,0,最大叠加次数,1,是否附加给被命中目标,0,触发CD,10000,触发万分比,,,,,,
425,,,4,"百分比减速,固定百分比",1级蓝宝石镶嵌到球形飞弹塔的效果,3,0.1,减速百分比,2004,特效ID,,,,,,,,,,,,
426,,,9,命中敌人时触发,2级蓝宝石镶嵌到球形飞弹塔的效果,-1,427,BuffID,0,最大叠加次数,1,是否附加给被命中目标,0,触发CD,10000,触发万分比,,,,,,
427,,,4,"百分比减速,固定百分比",2级蓝宝石镶嵌到球形飞弹塔的效果,3,0.15,减速百分比,2004,特效ID,,,,,,,,,,,,
428,,,9,命中敌人时触发,3级蓝宝石镶嵌到球形飞弹塔的效果,-1,429,BuffID,0,最大叠加次数,1,是否附加给被命中目标,0,触发CD,10000,触发万分比,,,,,,
429,,,4,"百分比减速,固定百分比",3级蓝宝石镶嵌到球形飞弹塔的效果,3,0.18,减速百分比,2004,特效ID,,,,,,,,,,,,
430,,,9,命中敌人时触发,4级蓝宝石镶嵌到球形飞弹塔的效果,-1,431,BuffID,0,最大叠加次数,1,是否附加给被命中目标,0,触发CD,10000,触发万分比,,,,,,
431,,,4,"百分比减速,固定百分比",4级蓝宝石镶嵌到球形飞弹塔的效果,3,0.2,减速百分比,2004,特效ID,,,,,,,,,,,,
432,,,9,命中敌人时触发,5级蓝宝石镶嵌到球形飞弹塔的效果,-1,433,BuffID,0,最大叠加次数,1,是否附加给被命中目标,0,触发CD,10000,触发万分比,,,,,,
433,,,4,"百分比减速,固定百分比",5级蓝宝石镶嵌到球形飞弹塔的效果,3,0.23,减速百分比,2004,特效ID,,,,,,,,,,,,
434,,,9,命中敌人时触发,1级紫宝石镶嵌到球形飞弹塔的效果,-1,435,BuffID,0,最大叠加次数,1,是否附加给被命中目标,0,触发CD,800,触发万分比,,,,,,
435,,,98,感电,1级紫宝石镶嵌到球形飞弹塔的效果,3,0.12,附加伤害百分比,2098,特效ID,,,,,,,,,,,,
436,,,9,命中敌人时触发,2级紫宝石镶嵌到球形飞弹塔的效果,-1,437,BuffID,0,最大叠加次数,1,是否附加给被命中目标,0,触发CD,1000,触发万分比,,,,,,
437,,,98,感电,2级紫宝石镶嵌到球形飞弹塔的效果,3,0.2,附加伤害百分比,2098,特效ID,,,,,,,,,,,,
438,,,9,命中敌人时触发,3级紫宝石镶嵌到球形飞弹塔的效果,-1,439,BuffID,0,最大叠加次数,1,是否附加给被命中目标,0,触发CD,1500,触发万分比,,,,,,
439,,,98,感电,3级紫宝石镶嵌到球形飞弹塔的效果,3,0.3,附加伤害百分比,2098,特效ID,,,,,,,,,,,,
440,,,9,命中敌人时触发,4级紫宝石镶嵌到球形飞弹塔的效果,-1,441,BuffID,0,最大叠加次数,1,是否附加给被命中目标,0,触发CD,2000,触发万分比,,,,,,
441,,,98,感电,4级紫宝石镶嵌到球形飞弹塔的效果,3,0.45,附加伤害百分比,2098,特效ID,,,,,,,,,,,,
442,,,9,命中敌人时触发,5级紫宝石镶嵌到球形飞弹塔的效果,-1,443,BuffID,0,最大叠加次数,1,是否附加给被命中目标,0,触发CD,2200,触发万分比,,,,,,
443,,,98,感电,5级紫宝石镶嵌到球形飞弹塔的效果,3,0.6,附加伤害百分比,2098,特效ID,,,,,,,,,,,,
446,,,9,命中敌人时触发,2级红宝石镶嵌到霰弹塔的效果,-1,447,BuffID,0,最大叠加次数,1,是否附加给被命中目标,0,触发CD,10000,触发万分比,,,,,,
447,,,36,伤害递减的燃烧伤害,2级红宝石镶嵌到霰弹塔的效果,-1,30,叠加的燃烧伤害值固定值,0,"叠加的燃烧伤害值百分比,塔攻击力的百分比",1,伤害间隔,0.7,"递减比例,首次附加时有效",2036,特效ID,,,,,,
448,,,9,命中敌人时触发,3级红宝石镶嵌到霰弹塔的效果,-1,449,BuffID,0,最大叠加次数,1,是否附加给被命中目标,0,触发CD,10000,触发万分比,,,,,,
449,,,36,伤害递减的燃烧伤害,3级红宝石镶嵌到霰弹塔的效果,-1,50,叠加的燃烧伤害值固定值,0,"叠加的燃烧伤害值百分比,塔攻击力的百分比",1,伤害间隔,0.7,"递减比例,首次附加时有效",2036,特效ID,,,,,,
450,,,9,命中敌人时触发,4级红宝石镶嵌到霰弹塔的效果,-1,451,BuffID,0,最大叠加次数,1,是否附加给被命中目标,0,触发CD,10000,触发万分比,,,,,,
451,,,36,伤害递减的燃烧伤害,4级红宝石镶嵌到霰弹塔的效果,-1,80,叠加的燃烧伤害值固定值,0,"叠加的燃烧伤害值百分比,塔攻击力的百分比",1,伤害间隔,0.7,"递减比例,首次附加时有效",2036,特效ID,,,,,,
452,,,9,命中敌人时触发,5级红宝石镶嵌到霰弹塔的效果,-1,453,BuffID,0,最大叠加次数,1,是否附加给被命中目标,0,触发CD,10000,触发万分比,,,,,,
453,,,36,伤害递减的燃烧伤害,5级红宝石镶嵌到霰弹塔的效果,-1,120,叠加的燃烧伤害值固定值,0,"叠加的燃烧伤害值百分比,塔攻击力的百分比",1,伤害间隔,0.7,"递减比例,首次附加时有效",2036,特效ID,,,,,,
454,,,9,命中敌人时触发,1级绿宝石镶嵌到霰弹塔的效果,-1,455,BuffID,0,最大叠加次数,1,是否附加给被命中目标,0,触发CD,10000,触发万分比,,,,,,
455,,,3,中毒,1级绿宝石镶嵌到霰弹塔的效果,5,4,叠加层数,2003,特效ID,,,,,,,,,,,,
456,,,9,命中敌人时触发,2级绿宝石镶嵌到霰弹塔的效果,-1,457,BuffID,0,最大叠加次数,1,是否附加给被命中目标,0,触发CD,10000,触发万分比,,,,,,
457,,,3,中毒,2级绿宝石镶嵌到霰弹塔的效果,5,6,叠加层数,2003,特效ID,,,,,,,,,,,,
458,,,9,命中敌人时触发,3级绿宝石镶嵌到霰弹塔的效果,-1,459,BuffID,0,最大叠加次数,1,是否附加给被命中目标,0,触发CD,10000,触发万分比,,,,,,
459,,,3,中毒,3级绿宝石镶嵌到霰弹塔的效果,5,12,叠加层数,2003,特效ID,,,,,,,,,,,,
460,,,9,命中敌人时触发,4级绿宝石镶嵌到霰弹塔的效果,-1,461,BuffID,0,最大叠加次数,1,是否附加给被命中目标,0,触发CD,10000,触发万分比,,,,,,
461,,,3,中毒,4级绿宝石镶嵌到霰弹塔的效果,5,24,叠加层数,2003,特效ID,,,,,,,,,,,,
462,,,9,命中敌人时触发,5级绿宝石镶嵌到霰弹塔的效果,-1,463,BuffID,0,最大叠加次数,1,是否附加给被命中目标,0,触发CD,10000,触发万分比,,,,,,
463,,,3,中毒,5级绿宝石镶嵌到霰弹塔的效果,5,30,叠加层数,2003,特效ID,,,,,,,,,,,,
464,,,9,命中敌人时触发,1级蓝宝石镶嵌到霰弹塔的效果,-1,465,BuffID,0,最大叠加次数,1,是否附加给被命中目标,0,触发CD,10000,触发万分比,,,,,,
465,,,4,"百分比减速,固定百分比",1级蓝宝石镶嵌到霰弹塔的效果,3,0.1,减速百分比,2004,特效ID,,,,,,,,,,,,
466,,,9,命中敌人时触发,2级蓝宝石镶嵌到霰弹塔的效果,-1,467,BuffID,0,最大叠加次数,1,是否附加给被命中目标,0,触发CD,10000,触发万分比,,,,,,
467,,,4,"百分比减速,固定百分比",2级蓝宝石镶嵌到霰弹塔的效果,3,0.15,减速百分比,2004,特效ID,,,,,,,,,,,,
468,,,9,命中敌人时触发,3级蓝宝石镶嵌到霰弹塔的效果,-1,469,BuffID,0,最大叠加次数,1,是否附加给被命中目标,0,触发CD,10000,触发万分比,,,,,,
469,,,4,"百分比减速,固定百分比",3级蓝宝石镶嵌到霰弹塔的效果,3,0.18,减速百分比,2004,特效ID,,,,,,,,,,,,
470,,,9,命中敌人时触发,4级蓝宝石镶嵌到霰弹塔的效果,-1,471,BuffID,0,最大叠加次数,1,是否附加给被命中目标,0,触发CD,10000,触发万分比,,,,,,
471,,,4,"百分比减速,固定百分比",4级蓝宝石镶嵌到霰弹塔的效果,3,0.2,减速百分比,2004,特效ID,,,,,,,,,,,,
472,,,9,命中敌人时触发,5级蓝宝石镶嵌到霰弹塔的效果,-1,473,BuffID,0,最大叠加次数,1,是否附加给被命中目标,0,触发CD,10000,触发万分比,,,,,,
473,,,4,"百分比减速,固定百分比",5级蓝宝石镶嵌到霰弹塔的效果,3,0.23,减速百分比,2004,特效ID,,,,,,,,,,,,
474,,,9,命中敌人时触发,1级紫宝石镶嵌到霰弹塔的效果,-1,475,BuffID,0,最大叠加次数,1,是否附加给被命中目标,0,触发CD,800,触发万分比,,,,,,
475,,,98,感电,1级紫宝石镶嵌到霰弹塔的效果,3,0.12,附加伤害百分比,2098,特效ID,,,,,,,,,,,,
476,,,9,命中敌人时触发,2级紫宝石镶嵌到霰弹塔的效果,-1,477,BuffID,0,最大叠加次数,1,是否附加给被命中目标,0,触发CD,1000,触发万分比,,,,,,
477,,,98,感电,2级紫宝石镶嵌到霰弹塔的效果,3,0.2,附加伤害百分比,2098,特效ID,,,,,,,,,,,,
478,,,9,命中敌人时触发,3级紫宝石镶嵌到霰弹塔的效果,-1,479,BuffID,0,最大叠加次数,1,是否附加给被命中目标,0,触发CD,1500,触发万分比,,,,,,
479,,,98,感电,3级紫宝石镶嵌到霰弹塔的效果,3,0.3,附加伤害百分比,2098,特效ID,,,,,,,,,,,,
480,,,9,命中敌人时触发,4级紫宝石镶嵌到霰弹塔的效果,-1,481,BuffID,0,最大叠加次数,1,是否附加给被命中目标,0,触发CD,2000,触发万分比,,,,,,
481,,,98,感电,4级紫宝石镶嵌到霰弹塔的效果,3,0.45,附加伤害百分比,2098,特效ID,,,,,,,,,,,,
482,,,9,命中敌人时触发,5级紫宝石镶嵌到霰弹塔的效果,-1,483,BuffID,0,最大叠加次数,1,是否附加给被命中目标,0,触发CD,2200,触发万分比,,,,,,
483,,,98,感电,5级紫宝石镶嵌到霰弹塔的效果,3,0.6,附加伤害百分比,2098,特效ID,,,,,,,,,,,,
486,,,9,命中敌人时触发,2级红宝石镶嵌到天空之矛的效果,-1,487,BuffID,0,最大叠加次数,1,是否附加给被命中目标,0,触发CD,10000,触发万分比,,,,,,
487,,,36,伤害递减的燃烧伤害,2级红宝石镶嵌到天空之矛的效果,-1,60,叠加的燃烧伤害值固定值,0,"叠加的燃烧伤害值百分比,塔攻击力的百分比",1,伤害间隔,0.7,"递减比例,首次附加时有效",2036,特效ID,,,,,,
488,,,9,命中敌人时触发,3级红宝石镶嵌到天空之矛的效果,-1,489,BuffID,0,最大叠加次数,1,是否附加给被命中目标,0,触发CD,10000,触发万分比,,,,,,
489,,,36,伤害递减的燃烧伤害,3级红宝石镶嵌到天空之矛的效果,-1,100,叠加的燃烧伤害值固定值,0,"叠加的燃烧伤害值百分比,塔攻击力的百分比",1,伤害间隔,0.7,"递减比例,首次附加时有效",2036,特效ID,,,,,,
490,,,9,命中敌人时触发,4级红宝石镶嵌到天空之矛的效果,-1,491,BuffID,0,最大叠加次数,1,是否附加给被命中目标,0,触发CD,10000,触发万分比,,,,,,
491,,,36,伤害递减的燃烧伤害,4级红宝石镶嵌到天空之矛的效果,-1,80,叠加的燃烧伤害值固定值,0,"叠加的燃烧伤害值百分比,塔攻击力的百分比",1,伤害间隔,0.7,"递减比例,首次附加时有效",2036,特效ID,,,,,,
492,,,9,命中敌人时触发,5级红宝石镶嵌到天空之矛的效果,-1,493,BuffID,0,最大叠加次数,1,是否附加给被命中目标,0,触发CD,10000,触发万分比,,,,,,
493,,,36,伤害递减的燃烧伤害,5级红宝石镶嵌到天空之矛的效果,-1,120,叠加的燃烧伤害值固定值,0,"叠加的燃烧伤害值百分比,塔攻击力的百分比",1,伤害间隔,0.7,"递减比例,首次附加时有效",2036,特效ID,,,,,,
494,,,9,命中敌人时触发,1级绿宝石镶嵌到天空之矛的效果,-1,495,BuffID,0,最大叠加次数,1,是否附加给被命中目标,0,触发CD,10000,触发万分比,,,,,,
495,,,3,中毒,1级绿宝石镶嵌到天空之矛的效果,5,8,叠加层数,2003,特效ID,,,,,,,,,,,,
496,,,9,命中敌人时触发,2级绿宝石镶嵌到天空之矛的效果,-1,497,BuffID,0,最大叠加次数,1,是否附加给被命中目标,0,触发CD,10000,触发万分比,,,,,,
497,,,3,中毒,2级绿宝石镶嵌到天空之矛的效果,5,12,叠加层数,2003,特效ID,,,,,,,,,,,,
498,,,9,命中敌人时触发,3级绿宝石镶嵌到天空之矛的效果,-1,499,BuffID,0,最大叠加次数,1,是否附加给被命中目标,0,触发CD,10000,触发万分比,,,,,,
499,,,3,中毒,3级绿宝石镶嵌到天空之矛的效果,5,24,叠加层数,2003,特效ID,,,,,,,,,,,,
500,,,9,命中敌人时触发,4级绿宝石镶嵌到天空之矛的效果,-1,501,BuffID,0,最大叠加次数,1,是否附加给被命中目标,0,触发CD,10000,触发万分比,,,,,,
501,,,3,中毒,4级绿宝石镶嵌到天空之矛的效果,5,36,叠加层数,2003,特效ID,,,,,,,,,,,,
502,,,9,命中敌人时触发,5级绿宝石镶嵌到天空之矛的效果,-1,503,BuffID,0,最大叠加次数,1,是否附加给被命中目标,0,触发CD,10000,触发万分比,,,,,,
503,,,3,中毒,5级绿宝石镶嵌到天空之矛的效果,5,45,叠加层数,2003,特效ID,,,,,,,,,,,,
504,,,9,命中敌人时触发,1级蓝宝石镶嵌到天空之矛的效果,-1,505,BuffID,0,最大叠加次数,1,是否附加给被命中目标,0,触发CD,10000,触发万分比,,,,,,
505,,,4,"百分比减速,固定百分比",1级蓝宝石镶嵌到天空之矛的效果,3,0.1,减速百分比,2004,特效ID,,,,,,,,,,,,
506,,,9,命中敌人时触发,2级蓝宝石镶嵌到天空之矛的效果,-1,507,BuffID,0,最大叠加次数,1,是否附加给被命中目标,0,触发CD,10000,触发万分比,,,,,,
507,,,4,"百分比减速,固定百分比",2级蓝宝石镶嵌到天空之矛的效果,3,0.15,减速百分比,2004,特效ID,,,,,,,,,,,,
508,,,9,命中敌人时触发,3级蓝宝石镶嵌到天空之矛的效果,-1,509,BuffID,0,最大叠加次数,1,是否附加给被命中目标,0,触发CD,10000,触发万分比,,,,,,
509,,,4,"百分比减速,固定百分比",3级蓝宝石镶嵌到天空之矛的效果,3,0.18,减速百分比,2004,特效ID,,,,,,,,,,,,
510,,,9,命中敌人时触发,4级蓝宝石镶嵌到天空之矛的效果,-1,511,BuffID,0,最大叠加次数,1,是否附加给被命中目标,0,触发CD,10000,触发万分比,,,,,,
511,,,4,"百分比减速,固定百分比",4级蓝宝石镶嵌到天空之矛的效果,3,0.2,减速百分比,2004,特效ID,,,,,,,,,,,,
512,,,9,命中敌人时触发,5级蓝宝石镶嵌到天空之矛的效果,-1,513,BuffID,0,最大叠加次数,1,是否附加给被命中目标,0,触发CD,10000,触发万分比,,,,,,
513,,,4,"百分比减速,固定百分比",5级蓝宝石镶嵌到天空之矛的效果,3,0.23,减速百分比,2004,特效ID,,,,,,,,,,,,
514,,,9,命中敌人时触发,1级紫宝石镶嵌到天空之矛的效果,-1,515,BuffID,0,最大叠加次数,1,是否附加给被命中目标,0,触发CD,1000,触发万分比,,,,,,
515,,,98,感电,1级紫宝石镶嵌到天空之矛的效果,3,0.12,附加伤害百分比,2098,特效ID,,,,,,,,,,,,
516,,,9,命中敌人时触发,2级紫宝石镶嵌到天空之矛的效果,-1,517,BuffID,0,最大叠加次数,1,是否附加给被命中目标,0,触发CD,1500,触发万分比,,,,,,
517,,,98,感电,2级紫宝石镶嵌到天空之矛的效果,3,0.2,附加伤害百分比,2098,特效ID,,,,,,,,,,,,
518,,,9,命中敌人时触发,3级紫宝石镶嵌到天空之矛的效果,-1,519,BuffID,0,最大叠加次数,1,是否附加给被命中目标,0,触发CD,2000,触发万分比,,,,,,
519,,,98,感电,3级紫宝石镶嵌到天空之矛的效果,3,0.3,附加伤害百分比,2098,特效ID,,,,,,,,,,,,
520,,,9,命中敌人时触发,4级紫宝石镶嵌到天空之矛的效果,-1,521,BuffID,0,最大叠加次数,1,是否附加给被命中目标,0,触发CD,2000,触发万分比,,,,,,
521,,,98,感电,4级紫宝石镶嵌到天空之矛的效果,3,0.45,附加伤害百分比,2098,特效ID,,,,,,,,,,,,
522,,,9,命中敌人时触发,5级紫宝石镶嵌到天空之矛的效果,-1,523,BuffID,0,最大叠加次数,1,是否附加给被命中目标,0,触发CD,2500,触发万分比,,,,,,
523,,,98,感电,5级紫宝石镶嵌到天空之矛的效果,3,0.6,附加伤害百分比,2098,特效ID,,,,,,,,,,,,
526,,,9,命中敌人时触发,2级红宝石镶嵌到飞镖发射器的效果,-1,527,BuffID,0,最大叠加次数,1,是否附加给被命中目标,0,触发CD,10000,触发万分比,,,,,,
527,,,36,伤害递减的燃烧伤害,2级红宝石镶嵌到飞镖发射器的效果,-1,10,叠加的燃烧伤害值固定值,0,"叠加的燃烧伤害值百分比,塔攻击力的百分比",1,伤害间隔,0.7,"递减比例,首次附加时有效",2036,特效ID,,,,,,
528,,,9,命中敌人时触发,3级红宝石镶嵌到飞镖发射器的效果,-1,529,BuffID,0,最大叠加次数,1,是否附加给被命中目标,0,触发CD,10000,触发万分比,,,,,,
529,,,36,伤害递减的燃烧伤害,3级红宝石镶嵌到飞镖发射器的效果,-1,20,叠加的燃烧伤害值固定值,0,"叠加的燃烧伤害值百分比,塔攻击力的百分比",1,伤害间隔,0.7,"递减比例,首次附加时有效",2036,特效ID,,,,,,
530,,,9,命中敌人时触发,4级红宝石镶嵌到飞镖发射器的效果,-1,531,BuffID,0,最大叠加次数,1,是否附加给被命中目标,0,触发CD,10000,触发万分比,,,,,,
531,,,36,伤害递减的燃烧伤害,4级红宝石镶嵌到飞镖发射器的效果,-1,30,叠加的燃烧伤害值固定值,0,"叠加的燃烧伤害值百分比,塔攻击力的百分比",1,伤害间隔,0.7,"递减比例,首次附加时有效",2036,特效ID,,,,,,
532,,,9,命中敌人时触发,5级红宝石镶嵌到飞镖发射器的效果,-1,533,BuffID,0,最大叠加次数,1,是否附加给被命中目标,0,触发CD,10000,触发万分比,,,,,,
533,,,36,伤害递减的燃烧伤害,5级红宝石镶嵌到飞镖发射器的效果,-1,50,叠加的燃烧伤害值固定值,0,"叠加的燃烧伤害值百分比,塔攻击力的百分比",1,伤害间隔,0.7,"递减比例,首次附加时有效",2036,特效ID,,,,,,
534,,,9,命中敌人时触发,1级绿宝石镶嵌到飞镖发射器的效果,-1,535,BuffID,0,最大叠加次数,1,是否附加给被命中目标,0,触发CD,10000,触发万分比,,,,,,
535,,,3,中毒,1级绿宝石镶嵌到飞镖发射器的效果,5,2,叠加层数,2003,特效ID,,,,,,,,,,,,
536,,,9,命中敌人时触发,2级绿宝石镶嵌到飞镖发射器的效果,-1,537,BuffID,0,最大叠加次数,1,是否附加给被命中目标,0,触发CD,10000,触发万分比,,,,,,
537,,,3,中毒,2级绿宝石镶嵌到飞镖发射器的效果,5,4,叠加层数,2003,特效ID,,,,,,,,,,,,
538,,,9,命中敌人时触发,3级绿宝石镶嵌到飞镖发射器的效果,-1,539,BuffID,0,最大叠加次数,1,是否附加给被命中目标,0,触发CD,10000,触发万分比,,,,,,
539,,,3,中毒,3级绿宝石镶嵌到飞镖发射器的效果,5,8,叠加层数,2003,特效ID,,,,,,,,,,,,
540,,,9,命中敌人时触发,4级绿宝石镶嵌到飞镖发射器的效果,-1,541,BuffID,0,最大叠加次数,1,是否附加给被命中目标,0,触发CD,10000,触发万分比,,,,,,
541,,,3,中毒,4级绿宝石镶嵌到飞镖发射器的效果,5,12,叠加层数,2003,特效ID,,,,,,,,,,,,
542,,,9,命中敌人时触发,5级绿宝石镶嵌到飞镖发射器的效果,-1,543,BuffID,0,最大叠加次数,1,是否附加给被命中目标,0,触发CD,10000,触发万分比,,,,,,
543,,,3,中毒,5级绿宝石镶嵌到飞镖发射器的效果,5,15,叠加层数,2003,特效ID,,,,,,,,,,,,
544,,,9,命中敌人时触发,1级蓝宝石镶嵌到飞镖发射器的效果,-1,545,BuffID,0,最大叠加次数,1,是否附加给被命中目标,0,触发CD,10000,触发万分比,,,,,,
545,,,4,"百分比减速,固定百分比",1级蓝宝石镶嵌到飞镖发射器的效果,3,0.1,减速百分比,2004,特效ID,,,,,,,,,,,,
546,,,9,命中敌人时触发,2级蓝宝石镶嵌到飞镖发射器的效果,-1,547,BuffID,0,最大叠加次数,1,是否附加给被命中目标,0,触发CD,10000,触发万分比,,,,,,
547,,,4,"百分比减速,固定百分比",2级蓝宝石镶嵌到飞镖发射器的效果,3,0.12,减速百分比,2004,特效ID,,,,,,,,,,,,
548,,,9,命中敌人时触发,3级蓝宝石镶嵌到飞镖发射器的效果,-1,549,BuffID,0,最大叠加次数,1,是否附加给被命中目标,0,触发CD,10000,触发万分比,,,,,,
549,,,4,"百分比减速,固定百分比",3级蓝宝石镶嵌到飞镖发射器的效果,3,0.12,减速百分比,2004,特效ID,,,,,,,,,,,,
550,,,9,命中敌人时触发,4级蓝宝石镶嵌到飞镖发射器的效果,-1,551,BuffID,0,最大叠加次数,1,是否附加给被命中目标,0,触发CD,10000,触发万分比,,,,,,
551,,,4,"百分比减速,固定百分比",4级蓝宝石镶嵌到飞镖发射器的效果,3,0.14,减速百分比,2004,特效ID,,,,,,,,,,,,
552,,,9,命中敌人时触发,5级蓝宝石镶嵌到飞镖发射器的效果,-1,553,BuffID,0,最大叠加次数,1,是否附加给被命中目标,0,触发CD,10000,触发万分比,,,,,,
553,,,4,"百分比减速,固定百分比",5级蓝宝石镶嵌到飞镖发射器的效果,3,0.15,减速百分比,2004,特效ID,,,,,,,,,,,,
554,,,9,命中敌人时触发,1级紫宝石镶嵌到飞镖发射器的效果,-1,555,BuffID,0,最大叠加次数,1,是否附加给被命中目标,0,触发CD,500,触发万分比,,,,,,
555,,,98,感电,1级紫宝石镶嵌到飞镖发射器的效果,3,0.12,附加伤害百分比,2098,特效ID,,,,,,,,,,,,
556,,,9,命中敌人时触发,2级紫宝石镶嵌到飞镖发射器的效果,-1,557,BuffID,0,最大叠加次数,1,是否附加给被命中目标,0,触发CD,800,触发万分比,,,,,,
557,,,98,感电,2级紫宝石镶嵌到飞镖发射器的效果,3,0.2,附加伤害百分比,2098,特效ID,,,,,,,,,,,,
558,,,9,命中敌人时触发,3级紫宝石镶嵌到飞镖发射器的效果,-1,559,BuffID,0,最大叠加次数,1,是否附加给被命中目标,0,触发CD,1100,触发万分比,,,,,,
559,,,98,感电,3级紫宝石镶嵌到飞镖发射器的效果,3,0.3,附加伤害百分比,2098,特效ID,,,,,,,,,,,,
560,,,9,命中敌人时触发,4级紫宝石镶嵌到飞镖发射器的效果,-1,561,BuffID,0,最大叠加次数,1,是否附加给被命中目标,0,触发CD,1100,触发万分比,,,,,,
561,,,98,感电,4级紫宝石镶嵌到飞镖发射器的效果,3,0.45,附加伤害百分比,2098,特效ID,,,,,,,,,,,,
562,,,9,命中敌人时触发,5级紫宝石镶嵌到飞镖发射器的效果,-1,563,BuffID,0,最大叠加次数,1,是否附加给被命中目标,0,触发CD,1400,触发万分比,,,,,,
563,,,98,感电,5级紫宝石镶嵌到飞镖发射器的效果,3,0.6,附加伤害百分比,2098,特效ID,,,,,,,,,,,,
566,,,9,命中敌人时触发,2级红宝石镶嵌到气球炸弹塔的效果,-1,567,BuffID,0,最大叠加次数,1,是否附加给被命中目标,0,触发CD,10000,触发万分比,,,,,,
567,,,36,伤害递减的燃烧伤害,2级红宝石镶嵌到气球炸弹塔的效果,-1,60,叠加的燃烧伤害值固定值,0,"叠加的燃烧伤害值百分比,塔攻击力的百分比",1,伤害间隔,0.7,"递减比例,首次附加时有效",2036,特效ID,,,,,,
568,,,9,命中敌人时触发,3级红宝石镶嵌到气球炸弹塔的效果,-1,569,BuffID,0,最大叠加次数,1,是否附加给被命中目标,0,触发CD,10000,触发万分比,,,,,,
569,,,36,伤害递减的燃烧伤害,3级红宝石镶嵌到气球炸弹塔的效果,-1,100,叠加的燃烧伤害值固定值,0,"叠加的燃烧伤害值百分比,塔攻击力的百分比",1,伤害间隔,0.7,"递减比例,首次附加时有效",2036,特效ID,,,,,,
570,,,9,命中敌人时触发,4级红宝石镶嵌到气球炸弹塔的效果,-1,571,BuffID,0,最大叠加次数,1,是否附加给被命中目标,0,触发CD,10000,触发万分比,,,,,,
571,,,36,伤害递减的燃烧伤害,4级红宝石镶嵌到气球炸弹塔的效果,-1,150,叠加的燃烧伤害值固定值,0,"叠加的燃烧伤害值百分比,塔攻击力的百分比",1,伤害间隔,0.7,"递减比例,首次附加时有效",2036,特效ID,,,,,,
572,,,9,命中敌人时触发,5级红宝石镶嵌到气球炸弹塔的效果,-1,573,BuffID,0,最大叠加次数,1,是否附加给被命中目标,0,触发CD,10000,触发万分比,,,,,,
573,,,36,伤害递减的燃烧伤害,5级红宝石镶嵌到气球炸弹塔的效果,-1,200,叠加的燃烧伤害值固定值,0,"叠加的燃烧伤害值百分比,塔攻击力的百分比",1,伤害间隔,0.7,"递减比例,首次附加时有效",2036,特效ID,,,,,,
574,,,9,命中敌人时触发,1级绿宝石镶嵌到气球炸弹塔的效果,-1,575,BuffID,0,最大叠加次数,1,是否附加给被命中目标,0,触发CD,10000,触发万分比,,,,,,
575,,,3,中毒,1级绿宝石镶嵌到气球炸弹塔的效果,5,8,叠加层数,2003,特效ID,,,,,,,,,,,,
576,,,9,命中敌人时触发,2级绿宝石镶嵌到气球炸弹塔的效果,-1,577,BuffID,0,最大叠加次数,1,是否附加给被命中目标,0,触发CD,10000,触发万分比,,,,,,
577,,,3,中毒,2级绿宝石镶嵌到气球炸弹塔的效果,5,12,叠加层数,2003,特效ID,,,,,,,,,,,,
578,,,9,命中敌人时触发,3级绿宝石镶嵌到气球炸弹塔的效果,-1,579,BuffID,0,最大叠加次数,1,是否附加给被命中目标,0,触发CD,10000,触发万分比,,,,,,
579,,,3,中毒,3级绿宝石镶嵌到气球炸弹塔的效果,5,24,叠加层数,2003,特效ID,,,,,,,,,,,,
580,,,9,命中敌人时触发,4级绿宝石镶嵌到气球炸弹塔的效果,-1,581,BuffID,0,最大叠加次数,1,是否附加给被命中目标,0,触发CD,10000,触发万分比,,,,,,
581,,,3,中毒,4级绿宝石镶嵌到气球炸弹塔的效果,5,36,叠加层数,2003,特效ID,,,,,,,,,,,,
582,,,9,命中敌人时触发,5级绿宝石镶嵌到气球炸弹塔的效果,-1,583,BuffID,0,最大叠加次数,1,是否附加给被命中目标,0,触发CD,10000,触发万分比,,,,,,
583,,,3,中毒,5级绿宝石镶嵌到气球炸弹塔的效果,5,45,叠加层数,2003,特效ID,,,,,,,,,,,,
584,,,9,命中敌人时触发,1级蓝宝石镶嵌到气球炸弹塔的效果,-1,585,BuffID,0,最大叠加次数,1,是否附加给被命中目标,0,触发CD,10000,触发万分比,,,,,,
585,,,4,"百分比减速,固定百分比",1级蓝宝石镶嵌到气球炸弹塔的效果,3,0.1,减速百分比,2004,特效ID,,,,,,,,,,,,
586,,,9,命中敌人时触发,2级蓝宝石镶嵌到气球炸弹塔的效果,-1,587,BuffID,0,最大叠加次数,1,是否附加给被命中目标,0,触发CD,10000,触发万分比,,,,,,
587,,,4,"百分比减速,固定百分比",2级蓝宝石镶嵌到气球炸弹塔的效果,3,0.15,减速百分比,2004,特效ID,,,,,,,,,,,,
588,,,9,命中敌人时触发,3级蓝宝石镶嵌到气球炸弹塔的效果,-1,589,BuffID,0,最大叠加次数,1,是否附加给被命中目标,0,触发CD,10000,触发万分比,,,,,,
589,,,4,"百分比减速,固定百分比",3级蓝宝石镶嵌到气球炸弹塔的效果,3,0.18,减速百分比,2004,特效ID,,,,,,,,,,,,
590,,,9,命中敌人时触发,4级蓝宝石镶嵌到气球炸弹塔的效果,-1,591,BuffID,0,最大叠加次数,1,是否附加给被命中目标,0,触发CD,10000,触发万分比,,,,,,
591,,,4,"百分比减速,固定百分比",4级蓝宝石镶嵌到气球炸弹塔的效果,3,0.2,减速百分比,2004,特效ID,,,,,,,,,,,,
592,,,9,命中敌人时触发,5级蓝宝石镶嵌到气球炸弹塔的效果,-1,593,BuffID,0,最大叠加次数,1,是否附加给被命中目标,0,触发CD,10000,触发万分比,,,,,,
593,,,4,"百分比减速,固定百分比",5级蓝宝石镶嵌到气球炸弹塔的效果,3,0.23,减速百分比,2004,特效ID,,,,,,,,,,,,
594,,,9,命中敌人时触发,1级紫宝石镶嵌到气球炸弹塔的效果,-1,595,BuffID,0,最大叠加次数,1,是否附加给被命中目标,0,触发CD,1000,触发万分比,,,,,,
595,,,98,感电,1级紫宝石镶嵌到气球炸弹塔的效果,3,0.12,附加伤害百分比,2098,特效ID,,,,,,,,,,,,
596,,,9,命中敌人时触发,2级紫宝石镶嵌到气球炸弹塔的效果,-1,597,BuffID,0,最大叠加次数,1,是否附加给被命中目标,0,触发CD,1200,触发万分比,,,,,,
597,,,98,感电,2级紫宝石镶嵌到气球炸弹塔的效果,3,0.2,附加伤害百分比,2098,特效ID,,,,,,,,,,,,
598,,,9,命中敌人时触发,3级紫宝石镶嵌到气球炸弹塔的效果,-1,599,BuffID,0,最大叠加次数,1,是否附加给被命中目标,0,触发CD,1400,触发万分比,,,,,,
599,,,98,感电,3级紫宝石镶嵌到气球炸弹塔的效果,3,0.3,附加伤害百分比,2098,特效ID,,,,,,,,,,,,
600,,,9,命中敌人时触发,4级紫宝石镶嵌到气球炸弹塔的效果,-1,601,BuffID,0,最大叠加次数,1,是否附加给被命中目标,0,触发CD,1800,触发万分比,,,,,,
601,,,98,感电,4级紫宝石镶嵌到气球炸弹塔的效果,3,0.45,附加伤害百分比,2098,特效ID,,,,,,,,,,,,
602,,,9,命中敌人时触发,5级紫宝石镶嵌到气球炸弹塔的效果,-1,603,BuffID,0,最大叠加次数,1,是否附加给被命中目标,0,触发CD,2000,触发万分比,,,,,,
603,,,98,感电,5级紫宝石镶嵌到气球炸弹塔的效果,3,0.6,附加伤害百分比,2098,特效ID,,,,,,,,,,,,
606,,,9,命中敌人时触发,2级红宝石镶嵌到电磁震荡塔的效果,-1,607,BuffID,0,最大叠加次数,1,是否附加给被命中目标,0,触发CD,10000,触发万分比,,,,,,
607,,,36,伤害递减的燃烧伤害,2级红宝石镶嵌到电磁震荡塔的效果,-1,60,叠加的燃烧伤害值固定值,0,"叠加的燃烧伤害值百分比,塔攻击力的百分比",1,伤害间隔,0.7,"递减比例,首次附加时有效",2036,特效ID,,,,,,
608,,,9,命中敌人时触发,3级红宝石镶嵌到电磁震荡塔的效果,-1,609,BuffID,0,最大叠加次数,1,是否附加给被命中目标,0,触发CD,10000,触发万分比,,,,,,
609,,,36,伤害递减的燃烧伤害,3级红宝石镶嵌到电磁震荡塔的效果,-1,100,叠加的燃烧伤害值固定值,0,"叠加的燃烧伤害值百分比,塔攻击力的百分比",1,伤害间隔,0.7,"递减比例,首次附加时有效",2036,特效ID,,,,,,
610,,,9,命中敌人时触发,4级红宝石镶嵌到电磁震荡塔的效果,-1,611,BuffID,0,最大叠加次数,1,是否附加给被命中目标,0,触发CD,10000,触发万分比,,,,,,
611,,,36,伤害递减的燃烧伤害,4级红宝石镶嵌到电磁震荡塔的效果,-1,150,叠加的燃烧伤害值固定值,0,"叠加的燃烧伤害值百分比,塔攻击力的百分比",1,伤害间隔,0.7,"递减比例,首次附加时有效",2036,特效ID,,,,,,
612,,,9,命中敌人时触发,5级红宝石镶嵌到电磁震荡塔的效果,-1,613,BuffID,0,最大叠加次数,1,是否附加给被命中目标,0,触发CD,10000,触发万分比,,,,,,
613,,,36,伤害递减的燃烧伤害,5级红宝石镶嵌到电磁震荡塔的效果,-1,200,叠加的燃烧伤害值固定值,0,"叠加的燃烧伤害值百分比,塔攻击力的百分比",1,伤害间隔,0.7,"递减比例,首次附加时有效",2036,特效ID,,,,,,
614,,,9,命中敌人时触发,1级绿宝石镶嵌到电磁震荡塔的效果,-1,615,BuffID,0,最大叠加次数,1,是否附加给被命中目标,0,触发CD,10000,触发万分比,,,,,,
615,,,3,中毒,1级绿宝石镶嵌到电磁震荡塔的效果,5,8,叠加层数,2003,特效ID,,,,,,,,,,,,
616,,,9,命中敌人时触发,2级绿宝石镶嵌到电磁震荡塔的效果,-1,617,BuffID,0,最大叠加次数,1,是否附加给被命中目标,0,触发CD,10000,触发万分比,,,,,,
617,,,3,中毒,2级绿宝石镶嵌到电磁震荡塔的效果,5,12,叠加层数,2003,特效ID,,,,,,,,,,,,
618,,,9,命中敌人时触发,3级绿宝石镶嵌到电磁震荡塔的效果,-1,619,BuffID,0,最大叠加次数,1,是否附加给被命中目标,0,触发CD,10000,触发万分比,,,,,,
619,,,3,中毒,3级绿宝石镶嵌到电磁震荡塔的效果,5,24,叠加层数,2003,特效ID,,,,,,,,,,,,
620,,,9,命中敌人时触发,4级绿宝石镶嵌到电磁震荡塔的效果,-1,621,BuffID,0,最大叠加次数,1,是否附加给被命中目标,0,触发CD,10000,触发万分比,,,,,,
621,,,3,中毒,4级绿宝石镶嵌到电磁震荡塔的效果,5,36,叠加层数,2003,特效ID,,,,,,,,,,,,
622,,,9,命中敌人时触发,5级绿宝石镶嵌到电磁震荡塔的效果,-1,623,BuffID,0,最大叠加次数,1,是否附加给被命中目标,0,触发CD,10000,触发万分比,,,,,,
623,,,3,中毒,5级绿宝石镶嵌到电磁震荡塔的效果,5,45,叠加层数,2003,特效ID,,,,,,,,,,,,
624,,,9,命中敌人时触发,1级蓝宝石镶嵌到电磁震荡塔的效果,-1,625,BuffID,0,最大叠加次数,1,是否附加给被命中目标,0,触发CD,10000,触发万分比,,,,,,
625,,,4,"百分比减速,固定百分比",1级蓝宝石镶嵌到电磁震荡塔的效果,3,0.1,减速百分比,2004,特效ID,,,,,,,,,,,,
626,,,9,命中敌人时触发,2级蓝宝石镶嵌到电磁震荡塔的效果,-1,627,BuffID,0,最大叠加次数,1,是否附加给被命中目标,0,触发CD,10000,触发万分比,,,,,,
627,,,4,"百分比减速,固定百分比",2级蓝宝石镶嵌到电磁震荡塔的效果,3,0.12,减速百分比,2004,特效ID,,,,,,,,,,,,
628,,,9,命中敌人时触发,3级蓝宝石镶嵌到电磁震荡塔的效果,-1,629,BuffID,0,最大叠加次数,1,是否附加给被命中目标,0,触发CD,10000,触发万分比,,,,,,
629,,,4,"百分比减速,固定百分比",3级蓝宝石镶嵌到电磁震荡塔的效果,3,0.12,减速百分比,2004,特效ID,,,,,,,,,,,,
630,,,9,命中敌人时触发,4级蓝宝石镶嵌到电磁震荡塔的效果,-1,631,BuffID,0,最大叠加次数,1,是否附加给被命中目标,0,触发CD,10000,触发万分比,,,,,,
631,,,4,"百分比减速,固定百分比",4级蓝宝石镶嵌到电磁震荡塔的效果,3,0.14,减速百分比,2004,特效ID,,,,,,,,,,,,
632,,,9,命中敌人时触发,5级蓝宝石镶嵌到电磁震荡塔的效果,-1,633,BuffID,0,最大叠加次数,1,是否附加给被命中目标,0,触发CD,10000,触发万分比,,,,,,
633,,,4,"百分比减速,固定百分比",5级蓝宝石镶嵌到电磁震荡塔的效果,3,0.15,减速百分比,2004,特效ID,,,,,,,,,,,,
634,,,9,命中敌人时触发,1级紫宝石镶嵌到电磁震荡塔的效果,-1,635,BuffID,0,最大叠加次数,1,是否附加给被命中目标,0,触发CD,800,触发万分比,,,,,,
635,,,98,感电,1级紫宝石镶嵌到电磁震荡塔的效果,3,0.12,附加伤害百分比,2098,特效ID,,,,,,,,,,,,
636,,,9,命中敌人时触发,2级紫宝石镶嵌到电磁震荡塔的效果,-1,637,BuffID,0,最大叠加次数,1,是否附加给被命中目标,0,触发CD,1000,触发万分比,,,,,,
637,,,98,感电,2级紫宝石镶嵌到电磁震荡塔的效果,3,0.2,附加伤害百分比,2098,特效ID,,,,,,,,,,,,
638,,,9,命中敌人时触发,3级紫宝石镶嵌到电磁震荡塔的效果,-1,639,BuffID,0,最大叠加次数,1,是否附加给被命中目标,0,触发CD,1200,触发万分比,,,,,,
639,,,98,感电,3级紫宝石镶嵌到电磁震荡塔的效果,3,0.3,附加伤害百分比,2098,特效ID,,,,,,,,,,,,
640,,,9,命中敌人时触发,4级紫宝石镶嵌到电磁震荡塔的效果,-1,641,BuffID,0,最大叠加次数,1,是否附加给被命中目标,0,触发CD,1400,触发万分比,,,,,,
641,,,98,感电,4级紫宝石镶嵌到电磁震荡塔的效果,3,0.45,附加伤害百分比,2098,特效ID,,,,,,,,,,,,
642,,,9,命中敌人时触发,5级紫宝石镶嵌到电磁震荡塔的效果,-1,643,BuffID,0,最大叠加次数,1,是否附加给被命中目标,0,触发CD,1600,触发万分比,,,,,,
643,,,98,感电,5级紫宝石镶嵌到电磁震荡塔的效果,3,0.6,附加伤害百分比,2098,特效ID,,,,,,,,,,,,
646,,,9,命中敌人时触发,2级红宝石镶嵌到风刃发射器的效果,-1,647,BuffID,0,最大叠加次数,1,是否附加给被命中目标,0,触发CD,10000,触发万分比,,,,,,
647,,,36,伤害递减的燃烧伤害,2级红宝石镶嵌到风刃发射器的效果,-1,60,叠加的燃烧伤害值固定值,0,"叠加的燃烧伤害值百分比,塔攻击力的百分比",1,伤害间隔,0.7,"递减比例,首次附加时有效",2036,特效ID,,,,,,
648,,,9,命中敌人时触发,3级红宝石镶嵌到风刃发射器的效果,-1,649,BuffID,0,最大叠加次数,1,是否附加给被命中目标,0,触发CD,10000,触发万分比,,,,,,
649,,,36,伤害递减的燃烧伤害,3级红宝石镶嵌到风刃发射器的效果,-1,100,叠加的燃烧伤害值固定值,0,"叠加的燃烧伤害值百分比,塔攻击力的百分比",1,伤害间隔,0.7,"递减比例,首次附加时有效",2036,特效ID,,,,,,
650,,,9,命中敌人时触发,4级红宝石镶嵌到风刃发射器的效果,-1,651,BuffID,0,最大叠加次数,1,是否附加给被命中目标,0,触发CD,10000,触发万分比,,,,,,
651,,,36,伤害递减的燃烧伤害,4级红宝石镶嵌到风刃发射器的效果,-1,150,叠加的燃烧伤害值固定值,0,"叠加的燃烧伤害值百分比,塔攻击力的百分比",1,伤害间隔,0.7,"递减比例,首次附加时有效",2036,特效ID,,,,,,
652,,,9,命中敌人时触发,5级红宝石镶嵌到风刃发射器的效果,-1,653,BuffID,0,最大叠加次数,1,是否附加给被命中目标,0,触发CD,10000,触发万分比,,,,,,
653,,,36,伤害递减的燃烧伤害,5级红宝石镶嵌到风刃发射器的效果,-1,200,叠加的燃烧伤害值固定值,0,"叠加的燃烧伤害值百分比,塔攻击力的百分比",1,伤害间隔,0.7,"递减比例,首次附加时有效",2036,特效ID,,,,,,
654,,,9,命中敌人时触发,1级绿宝石镶嵌到风刃发射器的效果,-1,655,BuffID,0,最大叠加次数,1,是否附加给被命中目标,0,触发CD,10000,触发万分比,,,,,,
655,,,3,中毒,1级绿宝石镶嵌到风刃发射器的效果,5,8,叠加层数,2003,特效ID,,,,,,,,,,,,
656,,,9,命中敌人时触发,2级绿宝石镶嵌到风刃发射器的效果,-1,657,BuffID,0,最大叠加次数,1,是否附加给被命中目标,0,触发CD,10000,触发万分比,,,,,,
657,,,3,中毒,2级绿宝石镶嵌到风刃发射器的效果,5,12,叠加层数,2003,特效ID,,,,,,,,,,,,
658,,,9,命中敌人时触发,3级绿宝石镶嵌到风刃发射器的效果,-1,659,BuffID,0,最大叠加次数,1,是否附加给被命中目标,0,触发CD,10000,触发万分比,,,,,,
659,,,3,中毒,3级绿宝石镶嵌到风刃发射器的效果,5,24,叠加层数,2003,特效ID,,,,,,,,,,,,
660,,,9,命中敌人时触发,4级绿宝石镶嵌到风刃发射器的效果,-1,661,BuffID,0,最大叠加次数,1,是否附加给被命中目标,0,触发CD,10000,触发万分比,,,,,,
661,,,3,中毒,4级绿宝石镶嵌到风刃发射器的效果,5,36,叠加层数,2003,特效ID,,,,,,,,,,,,
662,,,9,命中敌人时触发,5级绿宝石镶嵌到风刃发射器的效果,-1,663,BuffID,0,最大叠加次数,1,是否附加给被命中目标,0,触发CD,10000,触发万分比,,,,,,
663,,,3,中毒,5级绿宝石镶嵌到风刃发射器的效果,5,45,叠加层数,2003,特效ID,,,,,,,,,,,,
664,,,9,命中敌人时触发,1级蓝宝石镶嵌到风刃发射器的效果,-1,665,BuffID,0,最大叠加次数,1,是否附加给被命中目标,0,触发CD,10000,触发万分比,,,,,,
665,,,4,"百分比减速,固定百分比",1级蓝宝石镶嵌到风刃发射器的效果,3,0.1,减速百分比,2004,特效ID,,,,,,,,,,,,
666,,,9,命中敌人时触发,2级蓝宝石镶嵌到风刃发射器的效果,-1,667,BuffID,0,最大叠加次数,1,是否附加给被命中目标,0,触发CD,10000,触发万分比,,,,,,
667,,,4,"百分比减速,固定百分比",2级蓝宝石镶嵌到风刃发射器的效果,3,0.15,减速百分比,2004,特效ID,,,,,,,,,,,,
668,,,9,命中敌人时触发,3级蓝宝石镶嵌到风刃发射器的效果,-1,669,BuffID,0,最大叠加次数,1,是否附加给被命中目标,0,触发CD,10000,触发万分比,,,,,,
669,,,4,"百分比减速,固定百分比",3级蓝宝石镶嵌到风刃发射器的效果,3,0.18,减速百分比,2004,特效ID,,,,,,,,,,,,
670,,,9,命中敌人时触发,4级蓝宝石镶嵌到风刃发射器的效果,-1,671,BuffID,0,最大叠加次数,1,是否附加给被命中目标,0,触发CD,10000,触发万分比,,,,,,
671,,,4,"百分比减速,固定百分比",4级蓝宝石镶嵌到风刃发射器的效果,3,0.2,减速百分比,2004,特效ID,,,,,,,,,,,,
672,,,9,命中敌人时触发,5级蓝宝石镶嵌到风刃发射器的效果,-1,673,BuffID,0,最大叠加次数,1,是否附加给被命中目标,0,触发CD,10000,触发万分比,,,,,,
673,,,4,"百分比减速,固定百分比",5级蓝宝石镶嵌到风刃发射器的效果,3,0.23,减速百分比,2004,特效ID,,,,,,,,,,,,
674,,,9,命中敌人时触发,1级紫宝石镶嵌到风刃发射器的效果,-1,675,BuffID,0,最大叠加次数,1,是否附加给被命中目标,0,触发CD,700,触发万分比,,,,,,
675,,,98,感电,1级紫宝石镶嵌到风刃发射器的效果,3,0.12,附加伤害百分比,2098,特效ID,,,,,,,,,,,,
676,,,9,命中敌人时触发,2级紫宝石镶嵌到风刃发射器的效果,-1,677,BuffID,0,最大叠加次数,1,是否附加给被命中目标,0,触发CD,900,触发万分比,,,,,,
677,,,98,感电,2级紫宝石镶嵌到风刃发射器的效果,3,0.2,附加伤害百分比,2098,特效ID,,,,,,,,,,,,
678,,,9,命中敌人时触发,3级紫宝石镶嵌到风刃发射器的效果,-1,679,BuffID,0,最大叠加次数,1,是否附加给被命中目标,0,触发CD,1200,触发万分比,,,,,,
679,,,98,感电,3级紫宝石镶嵌到风刃发射器的效果,3,0.3,附加伤害百分比,2098,特效ID,,,,,,,,,,,,
680,,,9,命中敌人时触发,4级紫宝石镶嵌到风刃发射器的效果,-1,681,BuffID,0,最大叠加次数,1,是否附加给被命中目标,0,触发CD,1500,触发万分比,,,,,,
681,,,98,感电,4级紫宝石镶嵌到风刃发射器的效果,3,0.45,附加伤害百分比,2098,特效ID,,,,,,,,,,,,
682,,,9,命中敌人时触发,5级紫宝石镶嵌到风刃发射器的效果,-1,683,BuffID,0,最大叠加次数,1,是否附加给被命中目标,0,触发CD,1500,触发万分比,,,,,,
683,,,98,感电,5级紫宝石镶嵌到风刃发射器的效果,3,0.6,附加伤害百分比,2098,特效ID,,,,,,,,,,,,
684,,,9,命中敌人时触发,1级紫宝石镶嵌到十字弓的效果,-1,685,BuffID,0,最大叠加次数,1,是否附加给被命中目标,0,触发CD,1000,触发万分比,,,,,,
685,,,98,感电,1级紫宝石镶嵌到十字弓的效果,3,0.12,附加伤害百分比,2098,特效ID,,,,,,,,,,,,
686,,,9,命中敌人时触发,2级紫宝石镶嵌到十字弓的效果,-1,687,BuffID,0,最大叠加次数,1,是否附加给被命中目标,0,触发CD,1500,触发万分比,,,,,,
687,,,98,感电,2级紫宝石镶嵌到十字弓的效果,3,0.2,附加伤害百分比,2098,特效ID,,,,,,,,,,,,
688,,,9,命中敌人时触发,3级紫宝石镶嵌到十字弓的效果,-1,689,BuffID,0,最大叠加次数,1,是否附加给被命中目标,0,触发CD,2000,触发万分比,,,,,,
689,,,98,感电,3级紫宝石镶嵌到十字弓的效果,3,0.3,附加伤害百分比,2098,特效ID,,,,,,,,,,,,
690,,,9,命中敌人时触发,4级紫宝石镶嵌到十字弓的效果,-1,691,BuffID,0,最大叠加次数,1,是否附加给被命中目标,0,触发CD,2500,触发万分比,,,,,,
691,,,98,感电,4级紫宝石镶嵌到十字弓的效果,3,0.45,附加伤害百分比,2098,特效ID,,,,,,,,,,,,
692,,,9,命中敌人时触发,5级紫宝石镶嵌到十字弓的效果,-1,693,BuffID,0,最大叠加次数,1,是否附加给被命中目标,0,触发CD,3000,触发万分比,,,,,,
693,,,98,感电,5级紫宝石镶嵌到十字弓的效果,3,0.6,附加伤害百分比,2098,特效ID,,,,,,,,,,,,
694,,,9,命中敌人时触发,1级紫宝石镶嵌到防空飞弹塔的效果,-1,695,BuffID,0,最大叠加次数,1,是否附加给被命中目标,0,触发CD,800,触发万分比,,,,,,
695,,,98,感电,1级紫宝石镶嵌到防空飞弹塔的效果,3,0.12,附加伤害百分比,2098,特效ID,,,,,,,,,,,,
696,,,9,命中敌人时触发,2级紫宝石镶嵌到防空飞弹塔的效果,-1,697,BuffID,0,最大叠加次数,1,是否附加给被命中目标,0,触发CD,1000,触发万分比,,,,,,
697,,,98,感电,2级紫宝石镶嵌到防空飞弹塔的效果,3,0.2,附加伤害百分比,2098,特效ID,,,,,,,,,,,,
698,,,9,命中敌人时触发,3级紫宝石镶嵌到防空飞弹塔的效果,-1,699,BuffID,0,最大叠加次数,1,是否附加给被命中目标,0,触发CD,1500,触发万分比,,,,,,
699,,,98,感电,3级紫宝石镶嵌到防空飞弹塔的效果,3,0.3,附加伤害百分比,2098,特效ID,,,,,,,,,,,,
700,,,9,命中敌人时触发,4级紫宝石镶嵌到防空飞弹塔的效果,-1,701,BuffID,0,最大叠加次数,1,是否附加给被命中目标,0,触发CD,2000,触发万分比,,,,,,
701,,,98,感电,4级紫宝石镶嵌到防空飞弹塔的效果,3,0.45,附加伤害百分比,2098,特效ID,,,,,,,,,,,,
702,,,9,命中敌人时触发,5级紫宝石镶嵌到防空飞弹塔的效果,-1,703,BuffID,0,最大叠加次数,1,是否附加给被命中目标,0,触发CD,2200,触发万分比,,,,,,
703,,,98,感电,5级紫宝石镶嵌到防空飞弹塔的效果,3,0.6,附加伤害百分比,2098,特效ID,,,,,,,,,,,,
704,,,9,命中敌人时触发,1级紫宝石镶嵌到投石机的效果,-1,705,BuffID,0,最大叠加次数,1,是否附加给被命中目标,0,触发CD,1000,触发万分比,,,,,,
705,,,98,感电,1级紫宝石镶嵌到投石机的效果,3,0.12,附加伤害百分比,2098,特效ID,,,,,,,,,,,,
706,,,9,命中敌人时触发,2级紫宝石镶嵌到投石机的效果,-1,707,BuffID,0,最大叠加次数,1,是否附加给被命中目标,0,触发CD,1200,触发万分比,,,,,,
707,,,98,感电,2级紫宝石镶嵌到投石机的效果,3,0.2,附加伤害百分比,2098,特效ID,,,,,,,,,,,,
708,,,9,命中敌人时触发,3级紫宝石镶嵌到投石机的效果,-1,709,BuffID,0,最大叠加次数,1,是否附加给被命中目标,0,触发CD,1400,触发万分比,,,,,,
709,,,98,感电,3级紫宝石镶嵌到投石机的效果,3,0.3,附加伤害百分比,2098,特效ID,,,,,,,,,,,,
710,,,9,命中敌人时触发,4级紫宝石镶嵌到投石机的效果,-1,711,BuffID,0,最大叠加次数,1,是否附加给被命中目标,0,触发CD,2000,触发万分比,,,,,,
711,,,98,感电,4级紫宝石镶嵌到投石机的效果,3,0.45,附加伤害百分比,2098,特效ID,,,,,,,,,,,,
712,,,9,命中敌人时触发,5级紫宝石镶嵌到投石机的效果,-1,713,BuffID,0,最大叠加次数,1,是否附加给被命中目标,0,触发CD,2500,触发万分比,,,,,,
713,,,98,感电,5级紫宝石镶嵌到投石机的效果,3,0.6,附加伤害百分比,2098,特效ID,,,,,,,,,,,,
714,,,9,命中敌人时触发,1级蓝宝石镶嵌到镶嵌塔的效果,-1,715,BuffID,0,最大叠加次数,1,是否附加给被命中目标,0,触发CD,500,触发万分比,,,,,,
715,,,99,冰冻,1级蓝宝石镶嵌到镶嵌塔的效果,3,,,,,,,,,,,,,,,,
716,,,9,命中敌人时触发,1级蓝宝石镶嵌到镶嵌塔的效果,-1,717,BuffID,0,最大叠加次数,1,是否附加给被命中目标,0,触发CD,600,触发万分比,,,,,,
717,,,99,冰冻,1级蓝宝石镶嵌到镶嵌塔的效果,3,,,,,,,,,,,,,,,,
718,,,9,命中敌人时触发,1级蓝宝石镶嵌到镶嵌塔的效果,-1,719,BuffID,0,最大叠加次数,1,是否附加给被命中目标,0,触发CD,700,触发万分比,,,,,,
719,,,99,冰冻,1级蓝宝石镶嵌到镶嵌塔的效果,3,,,,,,,,,,,,,,,,
720,,,9,命中敌人时触发,1级蓝宝石镶嵌到镶嵌塔的效果,-1,721,BuffID,0,最大叠加次数,1,是否附加给被命中目标,0,触发CD,800,触发万分比,,,,,,
721,,,99,冰冻,1级蓝宝石镶嵌到镶嵌塔的效果,3,,,,,,,,,,,,,,,,
722,,,9,命中敌人时触发,1级蓝宝石镶嵌到镶嵌塔的效果,-1,723,BuffID,0,最大叠加次数,1,是否附加给被命中目标,0,触发CD,900,触发万分比,,,,,,
723,,,99,冰冻,1级蓝宝石镶嵌到镶嵌塔的效果,3,,,,,,,,,,,,,,,,
724,,,9,命中敌人时触发,1级紫宝石镶嵌到镶嵌塔的效果,-1,725,BuffID,0,最大叠加次数,1,是否附加给被命中目标,0,触发CD,2500,触发万分比,,,,,,
725,,,98,感电,1级紫宝石镶嵌到镶嵌塔的效果,3,0.12,附加伤害百分比,2098,特效ID,,,,,,,,,,,,
726,,,9,命中敌人时触发,2级紫宝石镶嵌到镶嵌塔的效果,-1,727,BuffID,0,最大叠加次数,1,是否附加给被命中目标,0,触发CD,3000,触发万分比,,,,,,
727,,,98,感电,2级紫宝石镶嵌到镶嵌塔的效果,3,0.2,附加伤害百分比,2098,特效ID,,,,,,,,,,,,
728,,,9,命中敌人时触发,3级紫宝石镶嵌到镶嵌塔的效果,-1,729,BuffID,0,最大叠加次数,1,是否附加给被命中目标,0,触发CD,4000,触发万分比,,,,,,
729,,,98,感电,3级紫宝石镶嵌到镶嵌塔的效果,3,0.3,附加伤害百分比,2098,特效ID,,,,,,,,,,,,
730,,,9,命中敌人时触发,4级紫宝石镶嵌到镶嵌塔的效果,-1,731,BuffID,0,最大叠加次数,1,是否附加给被命中目标,0,触发CD,4500,触发万分比,,,,,,
731,,,98,感电,4级紫宝石镶嵌到镶嵌塔的效果,3,0.45,附加伤害百分比,2098,特效ID,,,,,,,,,,,,
732,,,9,命中敌人时触发,5级紫宝石镶嵌到镶嵌塔的效果,-1,733,BuffID,0,最大叠加次数,1,是否附加给被命中目标,0,触发CD,4500,触发万分比,,,,,,
733,,,98,感电,5级紫宝石镶嵌到镶嵌塔的效果,3,0.6,附加伤害百分比,2098,特效ID,,,,,,,,,,,,
279,TOWER_BUILDING_BUFF,建造塔的buff,26,塔建造中的状态,塔建造中的状态,1.5,,,,,,,,,,,,,,,,
280,,,41,受到的火属性伤害提升,小灰狼怕火,-1,0.4,提升百分比,,,,,,,,,,,,,,
281,,,77,受到的燃烧伤害提升,小灰狼怕火,-1,0.4,提升百分比,,,,,,,,,,,,,,
282,,,41,受到的火属性伤害提升,大灰狼怕火,-1,0.4,提升百分比,,,,,,,,,,,,,,
283,,,77,受到的燃烧伤害提升,大灰狼怕火,-1,0.4,提升百分比,,,,,,,,,,,,,,
284,,,45,受到的毒属性伤害提升,困狼怕毒,-1,0.4,提升百分比,,,,,,,,,,,,,,
285,,,78,受到的中毒伤害提升,困狼怕毒,-1,0.4,提升百分比,,,,,,,,,,,,,,
286,,,79,受到的所有元素属性伤害降低,下忍忍者狼元素抵抗,-1,0.2,降低百分比,,,,,,,,,,,,,,
287,,,80,潜行,下忍忍者狼潜行,-1,,,,,,,,,,,,,,,,
288,,,79,受到的所有元素属性伤害降低,中忍忍者狼元素抵抗,-1,0.2,降低百分比,,,,,,,,,,,,,,
289,,,47,受到的火属性伤害降低,金刚狼恒温,-1,0.5,降低百分比,,,,,,,,,,,,,,
290,,,49,受到的冰属性伤害降低,金刚狼恒温,-1,0.5,降低百分比,,,,,,,,,,,,,,
291,,,81,降低被眩晕的概率和眩晕的时间,金刚狼强壮,-1,0.3,概率降低百分比,0.5,眩晕时间减少百分比,,,,,,,,,,,,
292,,,82,即将死亡时触发,装甲运狼车突袭部队,-1,293,BuffID,0,最大叠加次数,0,是否附加给被命中目标,0,触发CD,10000,触发万分比,,,,,,
293,,,16,召唤怪物,装甲运狼车突袭部队,0,5021,怪物ID,3,怪物数量,0.1,血量百分比,1,是否有位置偏移,999,生存时间,,,,,,
294,,,83,无法被击退,装甲运狼车稳重,-1,,,,,,,,,,,,,,,,
297,,,85,缴械,自爆狼自爆,3,5005,缴械特效ID,,,,,,,,,,,,,,
298,,,41,受到的火属性伤害提升,自爆狼怕火,-1,0.6,提升百分比,,,,,,,,,,,,,,
299,,,77,受到的燃烧伤害提升,自爆狼怕火,-1,0.6,提升百分比,,,,,,,,,,,,,,
300,,,79,受到的所有元素属性伤害降低,法师狼元素抵抗,-1,0.2,降低百分比,,,,,,,,,,,,,,
301,,,86,暴击抗性提升,护盾狼弱点防御,-1,0.5,提升百分比,,,,,,,,,,,,,,
302,,,46,受到的电属性伤害提升,护盾狼怕电,-1,0.6,提升百分比,,,,,,,,,,,,,,
303,,,87,受到的感电伤害提升,护盾狼怕电,-1,0.6,提升百分比,,,,,,,,,,,,,,
304,,,14,"具有飞天能力,可以使用飞行路线",护士狼使用飞行路线进行寻路,-1,,,,,,,,,,,,,,,,
305,,,14,"具有飞天能力,可以使用飞行路线",飞贼沙维尔使用飞行路线进行寻路,-1,,,,,,,,,,,,,,,,
306,,,46,受到的电属性伤害提升,飞贼沙维尔怕电,-1,0.6,提升百分比,,,,,,,,,,,,,,
307,,,87,受到的感电伤害提升,飞贼沙维尔怕电,-1,0.6,提升百分比,,,,,,,,,,,,,,
310,,,85,缴械,自爆狼王自爆,6,5005,缴械特效ID,,,,,,,,,,,,,,
311,,,41,受到的火属性伤害提升,自爆狼王怕火,-1,1.2,提升百分比,,,,,,,,,,,,,,
312,,,77,受到的燃烧伤害提升,自爆狼王怕火,-1,1.2,提升百分比,,,,,,,,,,,,,,
313,,,80,潜行,狡猾弗雷多潜行,-1,,,,,,,,,,,,,,,,
314,,,45,受到的毒属性伤害提升,狡猾弗雷多怕毒,-1,1.2,提升百分比,,,,,,,,,,,,,,
315,,,78,受到的中毒伤害提升,狡猾弗雷多怕毒,-1,1.2,提升百分比,,,,,,,,,,,,,,
316,,,81,降低被眩晕的概率和眩晕的时间,火爆桑尼强壮,-1,0.6,概率降低百分比,0.5,眩晕时间减少百分比,,,,,,,,,,,,
317,,,45,受到的毒属性伤害提升,火爆桑尼怕毒,-1,1.2,提升百分比,,,,,,,,,,,,,,
318,,,78,受到的中毒伤害提升,火爆桑尼怕毒,-1,1.2,提升百分比,,,,,,,,,,,,,,
319,,,88,指定怪物死亡时触发,杰克兄弟-弟兄弟情谊,-1,"320,321",BuffID,0,最大叠加次数,0,是否附加给被命中目标,0,触发CD,10000,触发万分比,23,怪物ID,,,,
320,,,67,受到的伤害降低,杰克兄弟-弟兄弟情谊,-1,0.5,降低百分比,,,,,,,,,,,,,,
321,,,13,"百分比加速,固定百分比",杰克兄弟-弟兄弟情谊,-1,0.3,提升百分比,,,,,,,,,,,,,,
322,,,41,受到的火属性伤害提升,杰克兄弟-弟怕火,-1,1.2,提升百分比,,,,,,,,,,,,,,
323,,,77,受到的燃烧伤害提升,杰克兄弟-弟怕火,-1,1.2,提升百分比,,,,,,,,,,,,,,
324,,,88,指定怪物死亡时触发,杰克兄弟-兄兄弟情谊,-1,"325,326",BuffID,0,最大叠加次数,0,是否附加给被命中目标,0,触发CD,10000,触发万分比,22,怪物ID,,,,
325,,,67,受到的伤害降低,杰克兄弟-兄兄弟情谊,-1,0.5,降低百分比,,,,,,,,,,,,,,
326,,,13,"百分比加速,固定百分比",杰克兄弟-兄兄弟情谊,-1,0.3,提升百分比,,,,,,,,,,,,,,
327,,,43,受到的冰属性伤害提升,杰克兄弟-兄怕冰,-1,1.2,提升百分比,,,,,,,,,,,,,,
328,,,89,受到的减速效果提升,杰克兄弟-兄怕冰,-1,1.2,提升百分比,,,,,,,,,,,,,,
330,,,45,受到的毒属性伤害提升,精明迈克怕毒,-1,1.2,提升百分比,,,,,,,,,,,,,,
331,,,78,受到的中毒伤害提升,精明迈克怕毒,-1,1.2,提升百分比,,,,,,,,,,,,,,
332,,,81,降低被眩晕的概率和眩晕的时间,教父维托强壮,-1,0.6,概率降低百分比,0.5,眩晕时间减少百分比,,,,,,,,,,,,
333,,,45,受到的毒属性伤害提升,教父维托怕毒,-1,1.2,提升百分比,,,,,,,,,,,,,,
334,,,78,受到的中毒伤害提升,教父维托怕毒,-1,1.2,提升百分比,,,,,,,,,,,,,,
335,,,81,降低被眩晕的概率和眩晕的时间,恶狼将军强壮,-1,0.5,概率降低百分比,0.5,眩晕时间减少百分比,,,,,,,,,,,,
336,,,45,受到的毒属性伤害提升,恶狼将军怕毒,-1,1.2,提升百分比,,,,,,,,,,,,,,
337,,,78,受到的中毒伤害提升,恶狼将军怕毒,-1,1.2,提升百分比,,,,,,,,,,,,,,
338,,,13,"百分比加速,固定百分比",忍者红太狼轻装上阵,-1,0.5,提升百分比,,,,,,,,,,,,,,
339,,,68,受到的伤害提升,忍者红太狼轻装上阵,-1,0.3,提升百分比,,,,,,,,,,,,,,
340,,,91,免疫所有元素伤害,忍者红太狼元素免疫,-1,,,,,,,,,,,,,,,,
341,,,86,暴击抗性提升,圣殿勇士弱点防御,-1,0.8,提升百分比,,,,,,,,,,,,,,
342,,,46,受到的电属性伤害提升,圣殿勇士怕电,-1,1.2,提升百分比,,,,,,,,,,,,,,
343,,,87,受到的感电伤害提升,圣殿勇士怕电,-1,1.2,提升百分比,,,,,,,,,,,,,,
344,,,16,召唤怪物,中忍忍者狼分身术,0,30,怪物ID,2,怪物数量,0.5,继承百分比,1,是否有位置偏移,5,生存时间,,,,,,
345,,,92,清除所有debuff,中忍忍者狼分身术,0,,,,,,,,,,,,,,,,
346,,,16,召唤怪物,法师狼初级召唤,0,1,怪物ID,1,怪物数量,0.15,继承百分比,0,是否有位置偏移,999,生存时间,,,,,,
347,,,67,受到的伤害降低,护盾狼守护之盾,10,0.3,降低百分比,,,,,,,,,,,,,,
348,,,93,范围内所有怪物附加buff,护士狼群疗,0,349,BuffID,0,最大叠加次数,1,是否附加给被命中目标,60,触发CD,10000,触发万分比,3,"范围半径,单位是格子大小",,,,
349,,,94,百分比恢复血量,护士狼群疗,0,0.15,恢复百分比,,,,,,,,,,,,,,
350,,,95,闪避率提升,飞贼沙维尔灵活,-1,0.3,提升百分比,,,,,,,,,,,,,,
351,,,85,缴械,自爆狼王投弹,6,5005,缴械特效ID,,,,,,,,,,,,,,
352,,,95,闪避率提升,精明迈克烟雾弹,5,0.5,提升百分比,,,,,,,,,,,,,,
353,,,15,向前闪现一定距离,狡猾弗雷多闪烁,0,2,"闪现距离,单位是格子大小",,,,,,,,,,,,,,
354,,,13,"百分比加速,固定百分比",火爆桑尼狂奔,4,3,提升的百分比,,,,,,,,,,,,,,
356,,,85,缴械,教父维托威严,-1,5005,缴械特效ID,,,,,,,,,,,,,,
357,,,16,召唤怪物,恶狼将军高级召唤,0,2,怪物ID,2,怪物数量,0.3,继承百分比,1,是否有位置偏移,999,生存时间,,,,,,
358,,,16,召唤怪物,忍者红太狼多重影分身,0,28,怪物ID,4,怪物数量,0.05,继承百分比,1,是否有位置偏移,6,生存时间,,,,,,
359,,,92,清除所有debuff,忍者红太狼多重影分身,0,,,,,,,,,,,,,,,,
360,,,67,受到的伤害降低,圣殿勇士嘲讽,6,0.7,降低百分比,,,,,,,,,,,,,,
362,,,97,"强制改变防御塔和英雄的目标选择为指定目标,技能目标为对自己释放的除外",圣殿勇士嘲讽,5,,,,,,,,,,,,,,,,
734,,,16,召唤怪物,教父召唤,0,2,怪物ID,2,怪物数量,0.007,继承百分比,1,是否有位置偏移,999,生存时间,,,,,,
735,,,16,召唤怪物,恶狼将军召唤,0,15,怪物ID,1,怪物数量,0.01,继承百分比,1,是否有位置偏移,999,生存时间,,,,,,
736,,,183,物理免疫,巨熊Boss物理免疫技能效果,8,,,,,,,,,,,,,,,,
737,,,15,向前闪现一定距离,秃鹫boss闪现,0,2.5,"闪现距离,单位是格子大小",,,,,,,,,,,,,,
5001,CONVEYOR_SPEED_UP,传送带加速Buff,103,固定数值加速,怪物与传送带方向 相同 时加速,-1,1.5,加速数值,,,,,,,,,,,,,,
5002,CONVEYOR_SPEED_DOWN,传送带减速Buff,101,"固定数值减速,减速到负数时,可以让怪物后退",怪物与传送带方向 相反 时减速,-1,1.5,减速数值,,,,,,,,,,,,,,
5003,CONVEYOR_PUSHMOVE,怪物眩晕时被传送带推动Buff,102,怪物在眩晕等无法移动的状态时，强制移动怪物位置,"怪物眩晕时,让怪物被传送带推动",-1,1.5,速度数值,,,,,,,,,,,,,,
5006,TUNNEL,进入隧道附加的buff,106,通过隧道时不可攻击状态,通过隧道时不可攻击状态,-1,,,,,,,,,,,,,,,,
7000,,,76,给指定类型的塔附加buff,肉鸽模式增加十字弓伤害,-1,7001,BuffID,0,最大叠加次数,1,是否附加给被命中目标,0,触发CD,10000,触发万分比,1,塔的类型,,,,
7001,,,108,伤害增加,肉鸽模式增加十字弓伤害,-1,0.15,增加的百分比,,,,,,,,,,,,,,
7002,,,76,给指定类型的塔附加buff,肉鸽模式增加十字弓攻速,-1,7003,BuffID,0,最大叠加次数,1,是否附加给被命中目标,0,触发CD,10000,触发万分比,1,塔的类型,,,,
7003,,,63,增加攻速,肉鸽模式增加十字弓攻速,-1,0.12,提升攻速,,,,,,,,,,,,,,
7004,,,76,给指定类型的塔附加buff,肉鸽模式增加火炮塔伤害,-1,7005,BuffID,0,最大叠加次数,1,是否附加给被命中目标,0,触发CD,10000,触发万分比,9,塔的类型,,,,
7005,,,108,伤害增加,肉鸽模式增加火炮塔伤害,-1,0.15,增加的百分比,,,,,,,,,,,,,,
7006,,,76,给指定类型的塔附加buff,肉鸽模式增加火炮塔爆炸范围,-1,7007,BuffID,0,最大叠加次数,1,是否附加给被命中目标,0,触发CD,10000,触发万分比,9,塔的类型,,,,
7007,,,109,增加防御塔爆炸范围,肉鸽模式增加火炮塔爆炸范围,-1,0.1,增加的百分比,,,,,,,,,,,,,,
7008,,,76,给指定类型的塔附加buff,肉鸽模式增加天空之矛伤害,-1,7009,BuffID,0,最大叠加次数,1,是否附加给被命中目标,0,触发CD,10000,触发万分比,12,塔的类型,,,,
7009,,,108,伤害增加,肉鸽模式增加天空之矛伤害,-1,0.15,增加的百分比,,,,,,,,,,,,,,
7010,,,76,给指定类型的塔附加buff,肉鸽模式增加天空之矛攻速,-1,7011,BuffID,0,最大叠加次数,1,是否附加给被命中目标,0,触发CD,10000,触发万分比,12,塔的类型,,,,
7011,,,63,增加攻速,肉鸽模式增加天空之矛攻速,-1,0.12,增加的百分比,,,,,,,,,,,,,,
7012,,,76,给指定类型的塔附加buff,肉鸽模式增加防空飞弹塔伤害,-1,7013,BuffID,0,最大叠加次数,1,是否附加给被命中目标,0,触发CD,10000,触发万分比,2,塔的类型,,,,
7013,,,108,伤害增加,肉鸽模式增加防空飞弹塔伤害,-1,0.15,增加的百分比,,,,,,,,,,,,,,
7014,,,76,给指定类型的塔附加buff,肉鸽模式增加防空飞弹塔攻速,-1,7015,BuffID,0,最大叠加次数,1,是否附加给被命中目标,0,触发CD,10000,触发万分比,2,塔的类型,,,,
7015,,,63,增加攻速,肉鸽模式增加防空飞弹塔攻速,-1,0.12,提升攻速,,,,,,,,,,,,,,
7016,,,76,给指定类型的塔附加buff,肉鸽模式增加投石机伤害,-1,7017,BuffID,0,最大叠加次数,1,是否附加给被命中目标,0,触发CD,10000,触发万分比,3,塔的类型,,,,
7017,,,108,伤害增加,肉鸽模式增加投石机伤害,-1,0.15,增加的百分比,,,,,,,,,,,,,,
7018,,,76,给指定类型的塔附加buff,肉鸽模式增加投石机爆炸范围,-1,7019,BuffID,0,最大叠加次数,1,是否附加给被命中目标,0,触发CD,10000,触发万分比,3,塔的类型,,,,
7019,,,109,增加防御塔爆炸范围,肉鸽模式增加投石机爆炸范围,-1,0.1,增加的百分比,,,,,,,,,,,,,,
7020,,,76,给指定类型的塔附加buff,肉鸽模式增加镶嵌塔伤害,-1,7021,BuffID,0,最大叠加次数,1,是否附加给被命中目标,0,触发CD,10000,触发万分比,4,塔的类型,,,,
7021,,,108,伤害增加,肉鸽模式增加镶嵌塔伤害,-1,0.15,增加的百分比,,,,,,,,,,,,,,
7022,,,76,给指定类型的塔附加buff,肉鸽模式增加镶嵌塔攻速,-1,7023,BuffID,0,最大叠加次数,1,是否附加给被命中目标,0,触发CD,10000,触发万分比,4,塔的类型,,,,
7023,,,63,增加攻速,肉鸽模式增加镶嵌塔攻速,-1,0.12,提升攻速,,,,,,,,,,,,,,
7024,,,76,给指定类型的塔附加buff,肉鸽模式增加球形飞弹塔伤害,-1,7025,BuffID,0,最大叠加次数,1,是否附加给被命中目标,0,触发CD,10000,触发万分比,10,塔的类型,,,,
7025,,,108,伤害增加,肉鸽模式增加球形飞弹塔伤害,-1,0.15,增加的百分比,,,,,,,,,,,,,,
7026,,,76,给指定类型的塔附加buff,肉鸽模式增加球形飞弹塔攻速,-1,7027,BuffID,0,最大叠加次数,1,是否附加给被命中目标,0,触发CD,10000,触发万分比,10,塔的类型,,,,
7027,,,63,增加攻速,肉鸽模式增加球形飞弹塔攻速,-1,0.12,提升攻速,,,,,,,,,,,,,,
7028,,,76,给指定类型的塔附加buff,肉鸽模式增加霰弹塔伤害,-1,7029,BuffID,0,最大叠加次数,1,是否附加给被命中目标,0,触发CD,10000,触发万分比,11,塔的类型,,,,
7029,,,108,伤害增加,肉鸽模式增加霰弹塔伤害,-1,0.15,增加的百分比,,,,,,,,,,,,,,
7030,,,76,给指定类型的塔附加buff,肉鸽模式增加霰弹塔攻速,-1,7031,BuffID,0,最大叠加次数,1,是否附加给被命中目标,0,触发CD,10000,触发万分比,11,塔的类型,,,,
7031,,,63,增加攻速,肉鸽模式增加霰弹塔攻速,-1,0.12,提升攻速,,,,,,,,,,,,,,
7032,,,76,给指定类型的塔附加buff,肉鸽模式增加飞镖发射器伤害,-1,7033,BuffID,0,最大叠加次数,1,是否附加给被命中目标,0,触发CD,10000,触发万分比,13,塔的类型,,,,
7033,,,108,伤害增加,肉鸽模式增加飞镖发射器伤害,-1,0.15,增加的百分比,,,,,,,,,,,,,,
7034,,,76,给指定类型的塔附加buff,肉鸽模式增加飞镖发射器攻速,-1,7035,BuffID,0,最大叠加次数,1,是否附加给被命中目标,0,触发CD,10000,触发万分比,13,塔的类型,,,,
7035,,,63,增加攻速,肉鸽模式增加飞镖发射器攻速,-1,0.12,提升攻速,,,,,,,,,,,,,,
7036,,,76,给指定类型的塔附加buff,肉鸽模式增加气球炸弹塔伤害,-1,7037,BuffID,0,最大叠加次数,1,是否附加给被命中目标,0,触发CD,10000,触发万分比,14,塔的类型,,,,
7037,,,108,伤害增加,肉鸽模式增加气球炸弹塔伤害,-1,0.15,增加的百分比,,,,,,,,,,,,,,
7038,,,76,给指定类型的塔附加buff,肉鸽模式增加气球炸弹塔爆炸范围,-1,7039,BuffID,0,最大叠加次数,1,是否附加给被命中目标,0,触发CD,10000,触发万分比,14,塔的类型,,,,
7039,,,109,增加防御塔爆炸范围,肉鸽模式增加气球炸弹塔爆炸范围,-1,0.1,增加的百分比,,,,,,,,,,,,,,
7040,,,76,给指定类型的塔附加buff,肉鸽模式增加电磁震荡塔伤害,-1,7041,BuffID,0,最大叠加次数,1,是否附加给被命中目标,0,触发CD,10000,触发万分比,15,塔的类型,,,,
7041,,,108,伤害增加,肉鸽模式增加电磁震荡塔伤害,-1,0.15,增加的百分比,,,,,,,,,,,,,,
7042,,,76,给指定类型的塔附加buff,肉鸽模式增加电磁震荡塔能量球个数,-1,7043,BuffID,0,最大叠加次数,1,是否附加给被命中目标,0,触发CD,10000,触发万分比,15,塔的类型,,,,
7043,,,110,电磁震荡塔增加能量球个数,肉鸽模式增加电磁震荡塔能量球个数,-1,1,增加的个数,,,,,,,,,,,,,,
7044,,,76,给指定类型的塔附加buff,肉鸽模式增加风刃发射器伤害,-1,7045,BuffID,0,最大叠加次数,1,是否附加给被命中目标,0,触发CD,10000,触发万分比,16,塔的类型,,,,
7045,,,108,伤害增加,肉鸽模式增加风刃发射器伤害,-1,0.15,增加的百分比,,,,,,,,,,,,,,
7046,,,76,给指定类型的塔附加buff,肉鸽模式增加风刃发射器攻速,-1,7047,BuffID,0,最大叠加次数,1,是否附加给被命中目标,0,触发CD,10000,触发万分比,16,塔的类型,,,,
7047,,,63,增加攻速,肉鸽模式增加风刃发射器攻速,0,0.12,提升攻速,,,,,,,,,,,,,,
7048,,,76,给指定类型的塔附加buff,肉鸽模式十字弓释放技能时有几率重置cd,-1,7049,BuffID,0,最大叠加次数,1,是否附加给被命中目标,0,触发CD,10000,触发万分比,1,塔的类型,,,,
7049,,,112,释放技能时触发,肉鸽模式十字弓释放技能时有几率重置cd,-1,7050,BuffID,0,最大叠加次数,0,是否附加给被命中目标,0,触发CD,2000,触发万分比,,,,,,
7050,,,111,重置刚释放过的技能CD,肉鸽模式十字弓释放技能时有几率重置cd,0,,,,,,,,,,,,,,,,
7051,,,76,给指定类型的塔附加buff,肉鸽模式十字弓每次攻击后会对范围内造成一次伤害,-1,7052,BuffID,0,最大叠加次数,1,是否附加给被命中目标,0,触发CD,10000,触发万分比,1,塔的类型,,,,
7052,,,113,释放一定次数技能后的命中时触发,肉鸽模式十字弓每次攻击后会对范围内造成一次伤害,-1,7053,BuffID,0,最大叠加次数,0,是否附加给被命中目标,0,触发CD,10000,触发万分比,1,释放次数,,,,
7053,,,114,造成一次范围攻击力百分比伤害,肉鸽模式十字弓每次攻击后会对范围内造成一次伤害,0,0.35,攻击力百分比,,,,,,,,,,,,,,
7054,,,76,给指定类型的塔附加buff,肉鸽模式十字弓每3次攻击后下一击必定暴击,-1,7055,BuffID,0,最大叠加次数,1,是否附加给被命中目标,0,触发CD,10000,触发万分比,1,塔的类型,,,,
7055,,,115,释放一定次数技能后的即将命中时触发,肉鸽模式十字弓每3次攻击后下一击必定暴击,-1,7056,BuffID,0,最大叠加次数,0,是否附加给被命中目标,0,触发CD,10000,触发万分比,4,释放次数,,,,
7056,,,116,攻击必定暴击,肉鸽模式十字弓每3次攻击后下一击必定暴击,0.001,,,,,,,,,,,,,,,,
7058,,,117,"场上指定类型的塔越多,自身增加的攻击力越多","肉鸽模式十字弓的数量越多,英雄提升的攻击力和攻速越多",-1,1,塔的类型,0.02,每个塔提升的攻击力,0.2,提升上限,,,,,,,,,,
7059,,,118,"场上指定类型的塔越多,自身增加的攻速越多","肉鸽模式十字弓的数量越多,英雄提升的攻击力和攻速越多",-1,1,塔的类型,0.02,每个塔提升的攻速,0.2,提升上限,,,,,,,,,,
7060,,,76,给指定类型的塔附加buff,肉鸽模式十字弓前5波伤害增加,-1,7061,BuffID,0,最大叠加次数,1,是否附加给被命中目标,0,触发CD,10000,触发万分比,1,塔的类型,,,,
7061,,,119,前一定波数伤害增加,肉鸽模式十字弓前5波伤害增加,-1,0.3,增加百分比,8,波数,,,,,,,,,,,,
7062,,,76,给指定类型的塔附加buff,肉鸽模式防空飞弹塔攻击会造成击退,-1,7063,BuffID,0,最大叠加次数,1,是否附加给被命中目标,0,触发CD,10000,触发万分比,2,塔的类型,,,,
7063,,,9,命中时触发,肉鸽模式防空飞弹塔攻击会造成击退,-1,7064,BuffID,0,最大叠加次数,1,是否附加给被命中目标,0,触发CD,1000,触发万分比,,,,,,
7064,,,7,"击退一定距离,单位为格子大小",肉鸽模式防空飞弹塔攻击会造成击退,0,0.1,"击退距离,单位为格子",,,,,,,,,,,,,,
7065,,,76,给指定类型的塔附加buff,"肉鸽模式防空飞弹塔子弹加1,攻速降低",-1,"7066,7067",BuffID,0,最大叠加次数,1,是否附加给被命中目标,0,触发CD,10000,触发万分比,2,塔的类型,,,,
7066,,,121,增加子弹数量,"肉鸽模式防空飞弹塔子弹加1,攻速降低",-1,1,增加的子弹数量,,,,,,,,,,,,,,
7067,,,122,降低攻速,"肉鸽模式防空飞弹塔子弹加1,攻速降低",-1,0.15,减少的攻速,,,,,,,,,,,,,,
7068,,,76,给指定类型的塔附加buff,"肉鸽模式防空飞弹塔攻速增加,射程降低",-1,"7069,7070",BuffID,0,最大叠加次数,1,是否附加给被命中目标,0,触发CD,10000,触发万分比,2,塔的类型,,,,
7069,,,63,增加攻速,"肉鸽模式防空飞弹塔攻速增加,射程降低",-1,0.3,提升攻速,,,,,,,,,,,,,,
7070,,,123,射程降低,"肉鸽模式防空飞弹塔攻速增加,射程降低",-1,0.15,降低的射程百分比,,,,,,,,,,,,,,
7071,,,76,给指定类型的塔附加buff,"肉鸽模式防空飞弹塔击杀怪物时攻击提升,攻速提升",-1,7072,BuffID,0,最大叠加次数,1,是否附加给被命中目标,0,触发CD,10000,触发万分比,2,塔的类型,,,,
7072,,,124,击杀怪物时触发,"肉鸽模式防空飞弹塔击杀怪物时攻击提升,攻速提升",-1,"7073,7074",BuffID,0,最大叠加次数,1,是否附加给被命中目标,0,触发CD,1000,触发万分比,,,,,,
7073,,,53,提升攻击力,"肉鸽模式防空飞弹塔击杀怪物时攻击提升,攻速提升",5,0,提升攻击力,0.15,提升的百分比,,,,,,,,,,,,
7074,,,63,增加攻速,"肉鸽模式防空飞弹塔击杀怪物时攻击提升,攻速提升",5,0.15,提升攻速,,,,,,,,,,,,,,
7075,,,76,给指定类型的塔附加buff,肉鸽模式防空飞弹塔每10秒获得一次攻速提升,-1,7076,BuffID,0,最大叠加次数,1,是否附加给被命中目标,0,触发CD,10000,触发万分比,2,塔的类型,,,,
7076,,,125,每隔一定时间触发一次,肉鸽模式防空飞弹塔每10秒获得一次攻速提升,-1,7077,BuffID,0,最大叠加次数,1,是否附加给被命中目标,10,触发CD,10000,触发万分比,,,,,,
7077,,,63,增加攻速,肉鸽模式防空飞弹塔每10秒获得一次攻速提升,4,0.4,提升攻速,,,,,,,,,,,,,,
7078,,,76,给指定类型的塔附加buff,肉鸽模式投石机射程增加,-1,7079,BuffID,0,最大叠加次数,1,是否附加给被命中目标,0,触发CD,10000,触发万分比,3,塔的类型,,,,
7079,,,6,"增加射程,固定百分比",肉鸽模式投石机射程增加,-1,0.2,增加的百分比,,,,,,,,,,,,,,
7080,,,76,给指定类型的塔附加buff,肉鸽模式投石机爆炸范围随着飞行距离而增加,-1,7081,BuffID,0,最大叠加次数,1,是否附加给被命中目标,0,触发CD,10000,触发万分比,3,塔的类型,,,,
7081,,,126,爆炸范围随着飞行距离增加,肉鸽模式投石机爆炸范围随着飞行距离而增加,-1,0.1,每飞行1个格子增加的爆炸范围,,,,,,,,,,,,,,
7082,,,76,给指定类型的塔附加buff,肉鸽模式投石机伤害随着飞行距离而增加,-1,7083,BuffID,0,最大叠加次数,1,是否附加给被命中目标,0,触发CD,10000,触发万分比,3,塔的类型,,,,
7083,,,127,伤害随着飞行距离增加,肉鸽模式投石机伤害随着飞行距离而增加,-1,0.1,每飞行1个格子增加的伤害,,,,,,,,,,,,,,
7084,,,76,给指定类型的塔附加buff,肉鸽模式投石机对爆炸一定范围内的敌人伤害增加,-1,7085,BuffID,0,最大叠加次数,1,是否附加给被命中目标,0,触发CD,10000,触发万分比,3,塔的类型,,,,
7085,,,128,对子弹爆炸一定范围内的敌人伤害增加,肉鸽模式投石机对爆炸一定范围内的敌人伤害增加,-1,0.35,距离爆炸中心的范围百分比,0.8,伤害增加百分比,,,,,,,,,,,,
7086,,,76,给指定类型的塔附加buff,"肉鸽模式投石机子弹飞行速度增加,伤害增加",-1,"7087,7088",BuffID,0,最大叠加次数,1,是否附加给被命中目标,0,触发CD,10000,触发万分比,3,塔的类型,,,,
7087,,,129,子弹飞行速度增加,"肉鸽模式投石机子弹飞行速度增加,伤害增加",-1,0.2,增加的百分比,,,,,,,,,,,,,,
7088,,,108,伤害增加,"肉鸽模式投石机子弹飞行速度增加,伤害增加",-1,0.1,增加的百分比,,,,,,,,,,,,,,
7089,,,76,给指定类型的塔附加buff,肉鸽模式投石机子弹爆炸时有几率眩晕范围内所有敌人,-1,7090,BuffID,0,最大叠加次数,1,是否附加给被命中目标,0,触发CD,10000,触发万分比,3,塔的类型,,,,
7090,,,130,子弹爆炸时给范围内所有敌人附加buff,肉鸽模式投石机子弹爆炸时有几率眩晕范围内所有敌人,-1,7091,BuffID,0,最大叠加次数,1,是否附加给被命中目标,0,触发CD,2000,触发万分比,,,,,,
7091,,,28,眩晕,肉鸽模式投石机子弹爆炸时有几率眩晕范围内所有敌人,1,0.5,对boss减少的半分比,,,,,,,,,,,,,,
7092,,,76,给指定类型的塔附加buff,肉鸽模式镶嵌塔紫宝石闪电链目标数量增加,-1,7093,BuffID,0,最大叠加次数,1,是否附加给被命中目标,0,触发CD,10000,触发万分比,4,塔的类型,,,,
7093,,,132,镶嵌塔紫宝石技能弹射目标数量增加,肉鸽模式镶嵌塔紫宝石闪电链目标数量增加,-1,2,增加数量,,,,,,,,,,,,,,
7094,,,76,给指定类型的塔附加buff,肉鸽模式火炮塔子弹数量+1，AOE范围减小,-1,"7095,7096",BuffID,0,最大叠加次数,1,是否附加给被命中目标,0,触发CD,10000,触发万分比,9,塔的类型,,,,
7095,,,134,火炮塔子弹数量增加,肉鸽模式火炮塔子弹加1,-1,1,增加的子弹数量,0.1,"子弹的发射时间,相对于最后一个子弹,小于0表示根据以后子弹的平均发射间隔自动计算时间",,,,,,,,,,,,
7096,,,133,减少火炮塔爆炸范围,肉鸽模式减少火炮塔爆炸范围,-1,0.15,减少的百分比,,,,,,,,,,,,,,
7097,,,76,给指定类型的塔附加buff,肉鸽模式火炮塔子弹数量+1，AOE范围减小,-1,"7098,7099",BuffID,0,最大叠加次数,1,是否附加给被命中目标,0,触发CD,10000,触发万分比,9,塔的类型,,,,
7098,,,134,火炮塔子弹数量增加,肉鸽模式火炮塔子弹加1,-1,1,增加的子弹数量,0.1,"子弹的发射时间,相对于最后一个子弹,小于0表示根据以后子弹的平均发射间隔自动计算时间",,,,,,,,,,,,
7099,,,135,伤害降低,肉鸽模式减少火炮塔伤害,-1,0.15,减少的百分比,,,,,,,,,,,,,,
7100,,,76,给指定类型的塔附加buff,肉鸽模式，1格范围内，每有一个塔，火炮塔攻击增加,-1,7101,BuffID,0,最大叠加次数,1,是否附加给被命中目标,0,触发CD,10000,触发万分比,9,塔的类型,,,,
7101,,,136,火炮塔附近1格有n个塔，每个塔增加火炮塔的攻击,肉鸽模式，1格范围内，每有一个塔，火炮塔攻击增加,-1,0.05,每个塔增加的百分比,,,,,,,,,,,,,,
7102,,,76,给指定类型的塔附加buff,肉鸽模式，1格范围内，每有一个塔，火炮塔攻速增加,-1,7103,BuffID,0,最大叠加次数,1,是否附加给被命中目标,0,触发CD,10000,触发万分比,9,塔的类型,,,,
7103,,,137,火炮塔附近1格有n个塔，每个塔增加火炮塔的攻速,肉鸽模式，1格范围内，每有一个塔，火炮塔攻速增加,-1,0.05,每个塔增加的百分比,,,,,,,,,,,,,,
7104,,,76,给指定类型的塔附加buff,"肉鸽模式球形飞弹塔子弹加1,攻速降低",-1,"7105,7106",BuffID,0,最大叠加次数,1,是否附加给被命中目标,0,触发CD,10000,触发万分比,10,塔的类型,,,,
7105,,,121,增加子弹数量,"肉鸽模式，球形飞弹塔子弹加1,攻速降低",-1,1,增加的子弹数量,,,,,,,,,,,,,,
7106,,,122,降低攻速,"肉鸽模式，球形飞弹塔子弹加1,攻速降低",-1,0.15,减少的攻速,,,,,,,,,,,,,,
7107,,,76,给指定类型的塔附加buff,肉鸽模式，球形飞弹塔子弹命中敌方单位的时候，会添加一个有时效的减速,-1,7108,BuffID,0,最大叠加次数,1,是否附加给被命中目标,0,触发CD,10000,触发万分比,10,塔的类型,,,,
7108,,,9,命中敌人时触发,肉鸽模式，球形飞弹塔子弹命中敌方单位的时候，会添加一个有时效的减速,-1,7109,BuffID,0,最大叠加次数,1,是否附加给被命中目标,0,触发CD,10000,触发万分比,,,,,,
7109,,,138,"肉鸽模式球形飞弹天赋特定减速Buff,百分比","肉鸽模式球形飞弹天赋特定减速Buff,百分比",0.5,0.7,减速百分比,,,,,,,,,,,,,,
7110,,,76,给指定类型的塔附加buff,肉鸽模式，霰弹塔每次攻击会击退敌方单位,-1,7111,BuffID,0,最大叠加次数,1,是否附加给被命中目标,0,触发CD,10000,触发万分比,11,塔的类型,,,,
7111,,,9,命中敌人时触发,肉鸽模式，霰弹塔每次攻击会击退敌方单位,-1,7112,BuffID,0,最大叠加次数,1,是否附加给被命中目标,0,触发CD,10000,触发万分比,,,,,,
7112,,,7,"击退一定距离,单位为格子大小",肉鸽模式，霰弹塔每次攻击会击退敌方单位,0,0.05,"击退距离,单位为格子",,,,,,,,,,,,,,
7113,,,76,给指定类型的塔附加buff,肉鸽模式，天空之矛击中目标血量超过百分比，晕眩一段时间，BOSS时间减半,-1,7114,BuffID,0,最大叠加次数,1,是否附加给被命中目标,0,触发CD,10000,触发万分比,12,塔的类型,,,,
7114,,,139,击中前怪物血量高于百分比触发,肉鸽模式，天空之矛击中目标血量超过百分比，晕眩一段时间，BOSS时间减半,-1,7115,BuffID,0,最大叠加次数,1,是否附加给被命中目标,0,触发CD,10000,触发万分比,0.7,血量百分比,,,,
7115,,,28,眩晕,肉鸽模式，天空之矛击中目标血量超过百分比，晕眩一段时间，BOSS时间减半,1.2,0.5,对boss减少的半分比,,,,,,,,,,,,,,
7116,,,76,给指定类型的塔附加buff,肉鸽模式，被天空之矛攻击的单位防御下降一段时间,-1,7117,BuffID,0,最大叠加次数,1,是否附加给被命中目标,0,触发CD,10000,触发万分比,12,塔的类型,,,,
7117,,,9,命中敌人时触发,肉鸽模式，被天空之矛攻击的单位防御下降一段时间,-1,7118,BuffID,0,最大叠加次数,1,是否附加给被命中目标,0,触发CD,10000,触发万分比,,,,,,
7118,,,140,防御力百分比降低,肉鸽模式，被天空之矛攻击的单位防御下降一段时间,3,0.3,防御力下降百分比,,,,,,,,,,,,,,
7119,,,76,给指定类型的塔附加buff,肉鸽模式，天空之矛攻击有概率触发斩杀，击杀血量小于血量百分比的单位,-1,7120,BuffID,0,最大叠加次数,1,是否附加给被命中目标,0,触发CD,10000,触发万分比,12,塔的类型,,,,
7120,,,142,击中前怪物血量低于百分比触发,肉鸽模式，天空之矛攻击有概率触发斩杀，击杀血量小于血量百分比的单位,-1,7121,BuffID,0,最大叠加次数,1,是否附加给被命中目标,0,触发CD,10000,触发万分比,0.1,血量百分比,,,,
7121,,,141,即死,肉鸽模式，天空之矛攻击有概率触发斩杀，击杀血量小于血量百分比的单位,0,,,,,,,,,,,,,,,,
7122,,,76,给指定类型的塔附加buff,肉鸽模式，天空之矛攻击精英/首领怪物时，攻击增加,-1,"7123,7124",BuffID,0,最大叠加次数,1,是否附加给被命中目标,0,触发CD,10000,触发万分比,12,塔的类型,,,,
7123,,,143,攻击指定怪物时攻击力百分比加成,肉鸽模式，天空之矛攻击精英/首领怪物时，攻击增加,-1,1.0,攻击力百分比,2,怪物强度MONSTER_STRENGTH,,,,,,,,,,,,
7124,,,143,攻击指定怪物时攻击力百分比加成,肉鸽模式，天空之矛攻击精英/首领怪物时，攻击增加,-1,1.0,攻击力百分比,3,怪物强度MONSTER_STRENGTH,,,,,,,,,,,,
7125,,,76,给指定类型的塔附加buff,肉鸽模式，飞镖发射器初始攻击间隔提高，每次攻击降低攻击间隔，有叠加上限，若一定时间内未进行攻击则重置,-1,7126,BuffID,0,最大叠加次数,1,是否附加给被命中目标,0,触发CD,10000,触发万分比,13,塔的类型,,,,
7126,,,144,初始攻击间隔提高，每次攻击降低攻击间隔，有叠加上限，若一定时间内未进行攻击则重置,肉鸽模式，飞镖发射器初始攻击间隔提高，每次攻击降低攻击间隔，有叠加上限，若一定时间内未进行攻击则重置,-1,0.2,初始降低的百分比,0.05,每次增加的百分比,10,增加上限层数,3.0,连击等待时间,,,,,,,,
7127,,,76,给指定类型的塔附加buff,肉鸽模式，每波开始，飞镖发射器有一定概率进入过载状态，暴击概率提升，暴击伤害提高,-1,7128,BuffID,0,最大叠加次数,1,是否附加给被命中目标,0,触发CD,10000,触发万分比,13,塔的类型,,,,
7128,,,145,每波开始，概率添加某些状态，没随机到就会移除,肉鸽模式，每波开始，飞镖发射器有一定概率进入过载状态，暴击概率提升，暴击伤害提高,-1,"7129,7130",BuffID,0,最大叠加次数,1,是否附加给被命中目标,0,触发CD,5000,触发万分比,,,,,,
7129,,,31,暴击率增加,肉鸽模式，每波开始，飞镖发射器有一定概率进入过载状态，暴击概率提升，暴击伤害提高,-1,0.2,暴击率增加百分比,,,,,,,,,,,,,,
7130,,,146,暴击伤害增加,肉鸽模式，每波开始，飞镖发射器有一定概率进入过载状态，暴击概率提升，暴击伤害提高,-1,0.3,暴击伤害增加百分比,,,,,,,,,,,,,,
7131,,,76,给指定类型的塔附加buff,肉鸽模式，气球炸弹塔爆炸范围有概率造成晕眩,-1,7132,BuffID,0,最大叠加次数,1,是否附加给被命中目标,0,触发CD,10000,触发万分比,14,塔的类型,,,,
7132,,,9,命中敌人时触发,肉鸽模式，气球炸弹塔爆炸范围有概率造成晕眩,-1,7133,BuffID,0,最大叠加次数,1,是否附加给被命中目标,0,触发CD,3000,触发万分比,,,,,,
7133,,,28,眩晕,肉鸽模式，气球炸弹塔爆炸范围有概率造成晕眩,0.8,0.5,对boss减少的半分比,,,,,,,,,,,,,,
7134,,,76,给指定类型的塔附加buff,肉鸽模式，气球炸弹塔爆炸范围提升，但是攻击力下降,-1,"7135,7136",BuffID,0,最大叠加次数,1,是否附加给被命中目标,0,触发CD,10000,触发万分比,14,塔的类型,,,,
7135,,,109,增加防御塔爆炸范围,肉鸽模式，气球炸弹塔爆炸范围提升,-1,0.2,增加的百分比,,,,,,,,,,,,,,
7136,,,54,降低攻击力,肉鸽模式，气球炸弹塔攻击力下降,-1,0,降低的攻击力,0.2,降低的百分比,,,,,,,,,,,,
7137,,,76,给指定类型的塔附加buff,肉鸽模式，气球炸弹塔一段时间内没有造成伤害，下次攻击子弹增加,-1,7138,BuffID,0,最大叠加次数,1,是否附加给被命中目标,0,触发CD,10000,触发万分比,14,塔的类型,,,,
7138,,,147,一段时间内没有造成伤害，下次攻击子弹增加,肉鸽模式，气球炸弹塔一段时间内没有造成伤害，下次攻击子弹增加,-1,10,等待时间,1,增加子弹数量,0.3,"子弹的发射时间,相对于最后一个子弹,小于0表示根据以后子弹的平均发射间隔自动计算时间",,,,,,,,,,
7139,,,76,给指定类型的塔附加buff,肉鸽模式，气球炸弹塔击杀的单位会对附近的空中单位造成此单位最大生命百分比的伤害,-1,7140,BuffID,0,最大叠加次数,1,是否附加给被命中目标,0,触发CD,10000,触发万分比,14,塔的类型,,,,
7140,,,148,"击杀怪物时,对周围指定类型的怪物造成当前怪物最大血量百分比的伤害",肉鸽模式，气球炸弹塔击杀的单位会对附近的空中单位造成此单位最大生命百分比的伤害,-1,0.2,最大血量的百分比,2,指定怪物类型TARGET_BEHAVIOUR_TYPE,5,范围,,,,,,,,,,
7141,,,76,给指定类型的塔附加buff,肉鸽模式，电磁震荡塔能量球的旋转速度提升百分比,-1,7142,BuffID,0,最大叠加次数,1,是否附加给被命中目标,0,触发CD,10000,触发万分比,15,塔的类型,,,,
7142,,,129,子弹飞行速度增加,肉鸽模式，电磁震荡塔能量球的旋转速度提升百分比,-1,0.3,增加的百分比,,,,,,,,,,,,,,
7143,,,76,给指定类型的塔附加buff,肉鸽模式，风刃发射器的索敌范围提升,-1,7144,BuffID,0,最大叠加次数,1,是否附加给被命中目标,0,触发CD,10000,触发万分比,16,塔的类型,,,,
7144,,,6,"增加射程,固定百分比",肉鸽模式，风刃发射器的索敌范围提升,-1,1.0,射程百分比,,,,,,,,,,,,,,
7145,,,76,给指定类型的塔附加buff,肉鸽模式，风刃发射器子弹增加，但是攻击间隔增加,-1,"7146,7147",BuffID,0,最大叠加次数,1,是否附加给被命中目标,0,触发CD,10000,触发万分比,16,塔的类型,,,,
7146,,,121,增加子弹数量,肉鸽模式，风刃发射器子弹增加，但是攻击间隔增加,-1,2,增加的子弹数量,,,,,,,,,,,,,,
7147,,,122,降低攻速,肉鸽模式，风刃发射器子弹增加，但是攻击间隔增加,-1,0.35,减少的攻速,,,,,,,,,,,,,,
7148,,,76,给指定类型的塔附加buff,肉鸽模式，球形飞弹塔子弹数翻倍，但是攻击下降,-1,"7149,7150",BuffID,0,最大叠加次数,1,是否附加给被命中目标,0,触发CD,10000,触发万分比,10,塔的类型,,,,
7149,,,54,降低攻击力,肉鸽模式，球形飞弹塔子弹数翻倍，但是攻击下降,-1,0,降低的攻击力,0.25,降低的百分比,,,,,,,,,,,,
7150,,,149,百分比增加子弹数量,肉鸽模式，球形飞弹塔子弹数翻倍，但是攻击下降,-1,1,增加百分比,,,,,,,,,,,,,,
7151,,,76,给指定类型的塔附加buff,肉鸽模式，球形飞弹塔释放一定数量子弹，攻速提升，直到波次结束,-1,7152,BuffID,0,最大叠加次数,1,是否附加给被命中目标,0,触发CD,10000,触发万分比,10,塔的类型,,,,
7152,,,150,"塔释放一定数量子弹,触发buff,直到波次结束",肉鸽模式，球形飞弹塔释放一定数量子弹，攻速提升，直到波次结束,-1,7153,BuffID,0,最大叠加次数,1,是否附加给被命中目标,0,触发CD,10000,触发万分比,20,子弹发射数量,,,,
7153,,,63,增加攻速,肉鸽模式，球形飞弹塔释放一定数量子弹，攻速提升，直到波次结束,-1,1,提升攻速,,,,,,,,,,,,,,
7154,,,76,给指定类型的塔附加buff,肉鸽模式，霰弹塔波次开始的一定时间内，攻速增加,-1,7155,BuffID,0,最大叠加次数,1,是否附加给被命中目标,0,触发CD,10000,触发万分比,11,塔的类型,,,,
7155,,,145,每波开始，概率添加某些状态，没随机到就会移除,肉鸽模式，霰弹塔波次开始的一定时间内，攻速增加,-1,7156,BuffID,0,最大叠加次数,1,是否附加给被命中目标,0,触发CD,10000,触发万分比,,,,,,
7156,,,63,增加攻速,肉鸽模式，霰弹塔波次开始的一定时间内，攻速增加,10,0.4,提升攻速,,,,,,,,,,,,,,
7157,,,76,给指定类型的塔附加buff,肉鸽模式，霰弹塔射程增加,-1,7158,BuffID,0,最大叠加次数,1,是否附加给被命中目标,0,触发CD,10000,触发万分比,11,塔的类型,,,,
7158,,,6,"增加射程,固定百分比",肉鸽模式，霰弹塔射程增加,-1,0.5,射程百分比,,,,,,,,,,,,,,
7159,,,76,给指定类型的塔附加buff,肉鸽模式，霰弹塔每击杀n个敌人，获得n建造点,-1,7160,BuffID,0,最大叠加次数,1,是否附加给被命中目标,0,触发CD,10000,触发万分比,11,塔的类型,,,,
7160,,,151,霰弹塔每击杀n个敌人，获得n建造点,肉鸽模式，霰弹塔每击杀n个敌人，获得n建造点,-1,5,需要击杀的数量,1,增加的建造点,,,,,,,,,,,,
7161,,,76,给指定类型的塔附加buff,肉鸽模式，霰弹塔击杀n个敌人后，下一次攻击提高,-1,7162,BuffID,0,最大叠加次数,1,是否附加给被命中目标,0,触发CD,10000,触发万分比,11,塔的类型,,,,
7162,,,152,击杀n个敌人后，下一次攻击提高,肉鸽模式，霰弹塔击杀n个敌人后，下一次攻击提高,-1,1,需要击杀的数量,0.6,攻击力提高百分比,,,,,,,,,,,,
7163,,,76,给指定类型的塔附加buff,肉鸽模式，天空之矛每击杀n个敌人，回复m点已损失的羊村生命,-1,7164,BuffID,0,最大叠加次数,1,是否附加给被命中目标,0,触发CD,10000,触发万分比,12,塔的类型,,,,
7164,,,153,每击杀n个敌人，回复m点已损失的羊村生命,肉鸽模式，天空之矛每击杀n个敌人，回复m点已损失的羊村生命,-1,8,需要击杀的数量,1,回复的血量,,,,,,,,,,,,
7165,,,76,给指定类型的塔附加buff,肉鸽模式，飞镖发射器攻击力降低，每次攻击提高攻击力。上限n层，切换目标时重置,-1,7166,BuffID,0,最大叠加次数,1,是否附加给被命中目标,0,触发CD,10000,触发万分比,13,塔的类型,,,,
7166,,,154,攻击力降低，每次攻击提高攻击力。上限n层，切换目标时重置,肉鸽模式，飞镖发射器攻击力降低，每次攻击提高攻击力。上限n层，切换目标时重置,-1,0.2,降低的攻击力百分比,0.05,每次上升的攻击力百分比,10,上限层数,,,,,,,,,,
7167,,,76,给指定类型的塔附加buff,肉鸽模式，飞镖发射器攻击力提高，但每次攻击都会随机选择射程内的目标,-1,"7168,7169",BuffID,0,最大叠加次数,1,是否附加给被命中目标,0,触发CD,10000,触发万分比,13,塔的类型,,,,
7168,,,53,提升攻击力,肉鸽模式，飞镖发射器攻击力提高，但每次攻击都会随机选择射程内的目标,-1,0,提升攻击力,0.3,提升的百分比,,,,,,,,,,,,
7169,,,155,寻敌方式修改,肉鸽模式，飞镖发射器攻击力提高，但每次攻击都会随机选择射程内的目标,-1,4,修改寻敌方式SEARCH_TARGET,1,改为强制选择新目标,,,,,,,,,,,,
7170,,,76,给指定类型的塔附加buff,肉鸽模式，飞镖发射器对处于异常状态下的单位造成的伤害提升,-1,7171,BuffID,0,最大叠加次数,1,是否附加给被命中目标,0,触发CD,10000,触发万分比,13,塔的类型,,,,
7171,,,156,对处于异常状态下的单位造成的伤害提升,肉鸽模式，飞镖发射器对处于异常状态下的单位造成的伤害提升,-1,0.3,伤害提升百分比,,,,,,,,,,,,,,
7172,,,76,给指定类型的塔附加buff,肉鸽模式，气球炸弹塔击杀n个敌人后，升级将变为免费,-1,7173,BuffID,0,最大叠加次数,1,是否附加给被命中目标,0,触发CD,10000,触发万分比,14,塔的类型,,,,
7173,,,157,击杀n个敌人后，该塔升级免费,肉鸽模式，气球炸弹塔击杀n个敌人后，升级将变为免费,-1,10,需要击杀的数量,,,,,,,,,,,,,,
7174,,,76,给指定类型的塔附加buff,肉鸽模式，风刃发射器子弹大小提升，伤害提升,-1,"7175,7176",BuffID,0,最大叠加次数,1,是否附加给被命中目标,0,触发CD,10000,触发万分比,16,塔的类型,,,,
7175,,,158,调整子弹大小,肉鸽模式，风刃发射器子弹大小提升，伤害提升,-1,0.5,调整的子弹大小,,,,,,,,,,,,,,
7176,,,108,伤害增加,肉鸽模式，风刃发射器子弹大小提升，伤害提升,-1,0.3,增加的百分比,,,,,,,,,,,,,,
7177,,,76,给指定类型的塔附加buff,肉鸽模式，风刃发射器子弹每穿过一个敌方单位，子弹攻击提高,-1,7178,BuffID,0,最大叠加次数,1,是否附加给被命中目标,0,触发CD,10000,触发万分比,16,塔的类型,,,,
7178,,,159,风刃发射器子弹每穿过一个敌方单位，子弹攻击提高,肉鸽模式，风刃发射器子弹每穿过一个敌方单位，子弹攻击提高,-1,0.1,每次穿过提高攻击百分比,,,,,,,,,,,,,,
7179,,,76,给指定类型的塔附加buff,肉鸽模式，按塔等级增加子弹飞行距离,-1,7180,BuffID,0,最大叠加次数,1,是否附加给被命中目标,0,触发CD,10000,触发万分比,16,塔的类型,,,,
7180,,,160,肉鸽模式，按塔等级增加子弹飞行距离,肉鸽模式，按塔等级增加子弹飞行距离,-1,"2,3",等级,"1,3",等级对应增加的飞行距离(格),,,,,,,,,,,,
7181,,,76,给指定类型的塔附加buff,肉鸽模式，防空飞弹塔的子弹会弹跳攻击n次，每次弹跳子弹的伤害降低,-1,7182,BuffID,0,最大叠加次数,1,是否附加给被命中目标,0,触发CD,10000,触发万分比,2,塔的类型,,,,
7182,,,161,增加弹跳子弹的弹跳次数,肉鸽模式，防空飞弹塔的子弹会弹跳攻击n次，每次弹跳子弹的伤害降低,-1,3,调整的弹跳次数,-0.5,调整的伤害百分比,,,,,,,,,,,,
7183,,,76,给指定类型的塔附加buff,肉鸽模式，十字弓击杀n个敌人后，随机变成一个同等级的其他防御塔,-1,7184,BuffID,0,最大叠加次数,1,是否附加给被命中目标,0,触发CD,10000,触发万分比,1,塔的类型,,,,
7184,,,162,击杀n个敌人后，随机变成一个塔，保留等级,肉鸽模式，十字弓击杀n个敌人后，随机变成一个同等级的其他防御塔,-1,10,需要击杀的数量,1,是否保留等级,"1,2,9,10,11,12,13,14,15,16",变化防御塔类型,,,,,,,,,,
7185,,,76,给指定类型的塔附加buff,肉鸽模式，火炮塔炮弹着陆时有概率爆炸多次,-1,7186,BuffID,0,最大叠加次数,1,是否附加给被命中目标,0,触发CD,10000,触发万分比,9,塔的类型,,,,
7186,,,163,火炮子弹概率爆炸多次,肉鸽模式，火炮塔炮弹着陆时有概率爆炸多次,-1,1,多爆炸的次数,0.5,多爆炸的概率,,,,,,,,,,,,
7187,,,76,给指定类型的塔附加buff,肉鸽模式，电磁震荡塔子弹碰撞后不消失，但是伤害降低,-1,"7188,7189",BuffID,0,最大叠加次数,1,是否附加给被命中目标,0,触发CD,10000,触发万分比,15,塔的类型,,,,
7188,,,164,设置电磁震荡塔子弹不消失,肉鸽模式，电磁震荡塔子弹碰撞后不消失，但是伤害降低,-1,,,,,,,,,,,,,,,,
7189,,,135,伤害降低,肉鸽模式，电磁震荡塔子弹碰撞后不消失，但是伤害降低,-1,0.9,减少的百分比,,,,,,,,,,,,,,
7190,,,76,给指定类型的塔附加buff,肉鸽模式，电磁震荡塔射程内的怪物移动速度降低，多个电磁震荡塔不叠加,-1,7191,BuffID,0,最大叠加次数,1,是否附加给被命中目标,0,触发CD,10000,触发万分比,15,塔的类型,,,,
7191,,,165,向进入该塔射程范围内的怪物添加buff,肉鸽模式，电磁震荡塔射程内的怪物移动速度降低，多个电磁震荡塔不叠加,-1,7192,BuffID,0,最大叠加次数,1,是否附加给被命中目标,0,触发CD,10000,触发万分比,1,怪物离开时是否移除,,,,
7192,,,166,电磁震荡塔射程减速buff，不叠加,肉鸽模式，电磁震荡塔射程内的怪物移动速度降低，多个电磁震荡塔不叠加,-1,0.1,减速百分比,,,,,,,,,,,,,,
7193,,,76,给指定类型的塔附加buff,肉鸽模式，电磁震荡塔击杀n个敌人，获得能量球,-1,7194,BuffID,0,最大叠加次数,1,是否附加给被命中目标,0,触发CD,10000,触发万分比,15,塔的类型,,,,
7194,,,167,电磁震荡塔击杀n个敌人，获得能量球,肉鸽模式，电磁震荡塔击杀n个敌人，获得能量球,-1,1,需要击杀的数量,1,获得子弹的数量,12,子弹同时存在的最大数量,,,,,,,,,,
7195,,,76,给指定类型的塔附加buff,肉鸽模式，电磁震荡塔能量球生成间隔降低,-1,7196,BuffID,0,最大叠加次数,1,是否附加给被命中目标,0,触发CD,10000,触发万分比,15,塔的类型,,,,
7196,,,63,增加攻速,肉鸽模式，电磁震荡塔能量球生成间隔降低,-1,0.3,提升攻速,,,,,,,,,,,,,,
7197,,,76,给指定类型的塔附加buff,肉鸽模式，电磁震荡塔每有n个能量球消失，一定范围的塔暴击提升，持续一段时间，有最高叠层,-1,7198,BuffID,0,最大叠加次数,1,是否附加给被命中目标,0,触发CD,10000,触发万分比,15,塔的类型,,,,
7198,,,168,消耗n个子弹后触发buff,肉鸽模式，电磁震荡塔每有n个能量球消失，一定范围的塔暴击提升，持续一段时间，有最高叠层,-1,7199,BuffID,0,最大叠加次数,1,是否附加给被命中目标,0,触发CD,10000,触发万分比,1,消耗n个子弹,,,,
7199,,,169,对六边形半径范围内的塔触发buff,肉鸽模式，电磁震荡塔每有n个能量球消失，一定范围的塔暴击提升，持续一段时间，有最高叠层,0,7200,BuffID,0,最大叠加次数,1,是否附加给被命中目标,0,触发CD,10000,触发万分比,2,半径,,,,
7200,,,170,电磁震荡塔子弹消耗的特殊暴击加成buff,肉鸽模式，电磁震荡塔每有n个能量球消失，一定范围的塔暴击提升，持续一段时间，有最高叠层,5,0.01,增加的暴击百分比,10,最大叠加次数,,,,,,,,,,,,
7201,,,76,给指定类型的塔附加buff,肉鸽模式，火炮塔子弹爆炸后会留下一个减速地面，持续n秒,-1,7202,BuffID,0,最大叠加次数,1,是否附加给被命中目标,0,触发CD,10000,触发万分比,9,塔的类型,,,,
7202,,,171,当塔的子弹爆炸时，对战斗中的全局角色触发buff,肉鸽模式，火炮塔子弹爆炸后会留下一个减速地面，持续n秒,-1,7203,BuffID,0,最大叠加次数,1,是否附加给被命中目标,0,触发CD,10000,触发万分比,,,,,,
7203,,,172,生成一个区域模型，根据他的碰撞箱，对其中的怪物附加buff,肉鸽模式，火炮塔子弹爆炸后会留下一个减速地面，持续n秒,3,7204,BuffID,0,最大叠加次数,1,是否附加给被命中目标,0,触发CD,10000,触发万分比,54,模型prefab,1,离开范围是否取消,1,指定怪物类型TARGET_BEHAVIOUR_TYPE
7204,,,173,火炮塔子弹爆炸残留提供的减速buff,肉鸽模式，火炮塔子弹爆炸后会留下一个减速地面，持续n秒,-1,0.15,减速百分比,,,,,,,,,,,,,,
7205,FOCUS_ATTACK_MONSTER,集火某个怪物的buff,174,集火怪物,集火怪物的buff,5,,,,,,,,,,,,,,,,
7321,,,76,给指定类型的塔附加buff,肉鸽模式，风刃发射器子弹大小提升，伤害提升,-1,7322,BuffID,0,最大叠加次数,1,是否附加给被命中目标,0,触发CD,10000,触发万分比,10,塔的类型,,,,
7322,,,158,调整子弹大小,肉鸽模式，回旋镖塔子弹体积增大,-1,0.5,调整的子弹大小,,,,,,,,,,,,,,
7323,,,76,给指定类型的塔附加buff,肉鸽模式，回旋镖塔范围增大，飞行速度增加,-1,"7324,7325",BuffID,0,最大叠加次数,1,是否附加给被命中目标,0,触发CD,10000,触发万分比,10,塔的类型,,,,
7324,,,6,"增加射程,固定百分比",肉鸽模式，回旋镖塔范围增大，飞行速度增加,-1,0.3,射程百分比,,,,,,,,,,,,,,
7325,,,129,子弹飞行速度增加,肉鸽模式，回旋镖塔范围增大，飞行速度增加,-1,0.3,增加的百分比,,,,,,,,,,,,,,
7326,,,76,给指定类型的塔附加buff,肉鸽模式，回旋镖塔子弹增加，攻速降低,-1,"7327,7328",BuffID,0,最大叠加次数,1,是否附加给被命中目标,0,触发CD,10000,触发万分比,10,塔的类型,,,,
7327,,,121,增加子弹数量,肉鸽模式，回旋镖塔子弹增加，攻速降低,-1,1,增加的子弹数量,,,,,,,,,,,,,,
7328,,,122,降低攻速,肉鸽模式，回旋镖塔子弹增加，攻速降低,-1,0.15,减少的攻速,,,,,,,,,,,,,,
7329,,,76,给指定类型的塔附加buff,回旋镖塔每击杀n个单位，攻速增加,-1,7330,BuffID,0,最大叠加次数,1,是否附加给被命中目标,0,触发CD,10000,触发万分比,10,塔的类型,,,,
7330,,,204,每击杀n单位，攻速增加,回旋镖塔每击杀n个单位，攻速增加,-1,1,每击杀多少敌人,0.01,每次增加攻速,0.35,最大增加攻速,,,,,,,,,,
7331,,,76,给指定类型的塔附加buff,肉鸽模式，飞镖发射器子弹弹跳次数增加，伤害降低,-1,"7332,7333",BuffID,0,最大叠加次数,1,是否附加给被命中目标,0,触发CD,10000,触发万分比,13,塔的类型,,,,
7332,,,161,增加弹跳子弹的弹跳次数,肉鸽模式，飞镖发射器子弹弹跳次数增加，伤害降低,-1,1,调整的弹跳次数,0,调整的伤害百分比,,,,,,,,,,,,
7333,,,135,伤害降低,肉鸽模式，飞镖发射器子弹弹跳次数增加，伤害降低,-1,0.25,减少的百分比,,,,,,,,,,,,,,
8000,,,500,将防御塔带入肉鸽战斗,将防御塔带入肉鸽战斗,-1,1,指定的塔,,,,,,,,,,,,,,
8001,,,500,将防御塔带入肉鸽战斗,将防御塔带入肉鸽战斗,-1,13,指定的塔,,,,,,,,,,,,,,
8002,,,500,将防御塔带入肉鸽战斗,将防御塔带入肉鸽战斗,-1,2,指定的塔,,,,,,,,,,,,,,
8003,,,500,将防御塔带入肉鸽战斗,将防御塔带入肉鸽战斗,-1,9,指定的塔,,,,,,,,,,,,,,
8004,,,500,将防御塔带入肉鸽战斗,将防御塔带入肉鸽战斗,-1,11,指定的塔,,,,,,,,,,,,,,
8005,,,500,将防御塔带入肉鸽战斗,将防御塔带入肉鸽战斗,-1,10,指定的塔,,,,,,,,,,,,,,
8006,,,500,将防御塔带入肉鸽战斗,将防御塔带入肉鸽战斗,-1,12,指定的塔,,,,,,,,,,,,,,
8007,,,500,将防御塔带入肉鸽战斗,将防御塔带入肉鸽战斗,-1,16,指定的塔,,,,,,,,,,,,,,
8008,,,500,将防御塔带入肉鸽战斗,将防御塔带入肉鸽战斗,-1,15,指定的塔,,,,,,,,,,,,,,
8009,,,500,将防御塔带入肉鸽战斗,将防御塔带入肉鸽战斗,-1,14,指定的塔,,,,,,,,,,,,,,
