SkillBullet表格,,,,,,,,,,,,,,,,,,,,,,,,,,,,,,,,,
Both,,,,,,,,,,,,,,,,,,,,,,,,,,,,,,,,,
ID,VariableName,VariableComment,Name,Type,ElementType,FlyEffect,HitEffect,HitSound0,HitSound1,HitEffectPosition,MuzzleEffect,ExplosionEffect,WillHitBuffToTarget,HitBuffToTarget,HitBuffToSelf,Attack,AttackPercent,Speed,StartPosition,StartPointName,HitPoint,DamageModifier,EffectiveTarget,SingleTarget,IsDamage,Param0,ParamDesc0,Param1,ParamDesc1,Param2,ParamDesc2,Param3,ParamDesc3
int,string,string,string,BULLET_TYPE(byte),DAMAGE_ELEMENT(byte),int,int,int,int,HIT_EFFECT_POSITION(byte),int,int,Vector<int>,Vector<int>,Vector<int>,int,float,float,BULLET_FIRE_POINT(byte),string,string,int,int,bool,bool,string,string,string,string,string,string,string,string
Both,None,None,Both,Both,Both,Both,Both,Both,Both,Both,Both,Both,Both,Both,Both,Both,Both,Both,Both,Both,Both,Both,Both,Both,Both,Both,Both,Both,Both,Both,Both,Both,Both
唯一ID,生成的变量名,注释,子弹名,子弹类型,伤害元素类型,子弹飞行时的特效,子弹击中时的特效,击中时的音效0,击中时的音效1,子弹击中特效的位置计算方式,子弹枪口发射的特效,"子弹爆炸的特效,特效播放完成会自动销毁,不跟随子弹周期",子弹即将击中时给被命中目标所附加的buff列表,子弹击中时给被命中目标所附加的buff列表,子弹击中时给技能释放者所附加的buff列表,子弹的攻击力,"子弹的百分比攻击力,是技能释放者的自身攻击力百分比",子弹的移动速度,子弹发出的起始位置,如果StartPosition为SELF_POINT.则需要填写节点名字,子弹击中目标位置节点名字,"子弹伤害修改器ID,索引到BulletDamageModifier表格",生效的目标类型,是否为单体伤害,是否会造成伤害,参数0,参数描述0,参数1,参数描述1,参数2,参数描述2,参数3,参数描述3
,,,,,,,,,,,,,,,,,,,,,,,,,,,,,,,,,
,,,,,,,,,,,,,,,,,,,,,,,,,,,,,,,,,
,,,,,,,,,,,,,,,,,,,,,,,,,,,,,,,,,
1,,,一星窜天猴,2,0,2,8,0,0,1,5,0,,,,10,1,8,4,FirePoint,BodyPoint,0,3,1,1,2,抛物线最高高度,0,爆炸范围,,,,
2,,,二星窜天猴,2,0,2,8,0,0,1,5,0,,,,10,1,8,4,FirePoint,BodyPoint,0,3,1,1,2,抛物线最高高度,0,爆炸范围,,,,
3,,,三星窜天猴,2,0,2,8,0,0,1,5,0,,,,10,1,8,4,FirePoint,BodyPoint,0,3,1,1,2,抛物线最高高度,0,爆炸范围,,,,
4,,,自爆狼王投弹,2,0,103001,8,0,0,2,5,103002,,351,,10,1,8,2,Fire_point,BodyPoint,0,4,1,1,2,抛物线最高高度,0,爆炸范围,,,,
5,,,精明迈克烟雾弹,4,1,12,16,0,0,1,20,0,,352,,10,1,0,1,,BodyPoint,0,3,0,0,9,爆炸范围,0,是否使用角色的攻击范围作为爆炸范围,3,持续时间,,
10011,,,一星十字弓,2,0,101001,101002,3003,3004,1,4,0,,,,0,1,15,4,Fire_point,BodyPoint,0,2,1,1,1,抛物线最高高度,0,爆炸范围,,,,
10021,,,一星十字弓紫宝石,2,4,101041,101042,3003,3004,1,20,0,,,,20,1,15,4,Fire_point,BodyPoint,0,2,1,1,1,抛物线最高高度,0,爆炸范围,,,,
10031,,,一星十字弓红宝石,2,2,101011,101012,3003,3004,1,21,0,,,,20,1,15,4,Fire_point,BodyPoint,0,2,1,1,1,抛物线最高高度,0,爆炸范围,,,,
10041,,,一星十字弓绿宝石,2,5,101021,101022,3003,3004,1,19,0,,,,20,1,15,4,Fire_point,BodyPoint,0,2,1,1,1,抛物线最高高度,0,爆炸范围,,,,
10051,,,一星十字弓蓝宝石,2,3,101031,101032,3003,3004,1,18,0,,,,20,1,15,4,Fire_point,BodyPoint,0,2,1,1,1,抛物线最高高度,0,爆炸范围,,,,
11011,,,二星十字弓,2,0,101101,101002,3003,3004,1,4,0,,,,0,1,15,4,Fire_point,BodyPoint,0,2,1,1,1,抛物线最高高度,0,爆炸范围,,,,
11021,,,二星十字弓紫宝石,2,4,101041,101042,3003,3004,1,20,0,,,,30,1,15,4,Fire_point,BodyPoint,0,2,1,1,1,抛物线最高高度,0,爆炸范围,,,,
11031,,,二星十字弓红宝石,2,2,101011,101012,3003,3004,1,21,0,,,,30,1,15,4,Fire_point,BodyPoint,0,2,1,1,1,抛物线最高高度,0,爆炸范围,,,,
11041,,,二星十字弓绿宝石,2,5,101021,101022,3003,3004,1,19,0,,,,30,1,15,4,Fire_point,BodyPoint,0,2,1,1,1,抛物线最高高度,0,爆炸范围,,,,
11051,,,二星十字弓蓝宝石,2,3,101031,101032,3003,3004,1,18,0,,,,30,1,15,4,Fire_point,BodyPoint,0,2,1,1,1,抛物线最高高度,0,爆炸范围,,,,
12011,,,三星十字弓,2,0,101201,101002,3003,3004,1,4,0,,,,0,1,15,4,Fire_point,BodyPoint,0,2,1,1,1,抛物线最高高度,0,爆炸范围,,,,
12021,,,三星十字弓紫宝石,2,4,101041,101042,3003,3004,1,20,0,,,,40,1,15,4,Fire_point,BodyPoint,0,2,1,1,1,抛物线最高高度,0,爆炸范围,,,,
12031,,,三星十字弓红宝石,2,2,101011,101012,3003,3004,1,21,0,,,,40,1,15,4,Fire_point,BodyPoint,0,2,1,1,1,抛物线最高高度,0,爆炸范围,,,,
12041,,,三星十字弓绿宝石,2,5,101021,101022,3003,3004,1,19,0,,,,40,1,15,4,Fire_point,BodyPoint,0,2,1,1,1,抛物线最高高度,0,爆炸范围,,,,
12051,,,三星十字弓蓝宝石,2,3,101031,101032,3003,3004,1,18,0,,,,40,1,15,4,Fire_point,BodyPoint,0,2,1,1,1,抛物线最高高度,0,爆炸范围,,,,
20011,,,一星防空飞弹塔,15,0,102001,102002,3024,3025,1,5,0,,,,0,1,22,4,Fire_point_1,BodyPoint,2,2,1,1,1,弹跳次数,-1,弹跳范围(小于0取塔范围),1,每次弹跳的伤害衰减(1不衰减),,
20012,,,一星防空飞弹塔,15,0,102001,102002,3024,3025,1,5,0,,,,0,1,22,4,Fire_point_2,BodyPoint,2,2,1,1,1,弹跳次数,-1,弹跳范围(小于0取塔范围),1,每次弹跳的伤害衰减(1不衰减),,
20013,,,一星防空飞弹塔,15,0,102001,102002,3024,3025,1,5,0,,,,0,1,22,4,Fire_point_3,BodyPoint,2,2,1,1,1,弹跳次数,-1,弹跳范围(小于0取塔范围),1,每次弹跳的伤害衰减(1不衰减),,
20021,,,一星防空飞弹塔紫宝石,15,4,102041,102042,3024,3025,1,20,0,,,,5,1,22,4,Fire_point_1,BodyPoint,2,2,1,1,1,弹跳次数,-1,弹跳范围(小于0取塔范围),1,每次弹跳的伤害衰减(1不衰减),,
20022,,,一星防空飞弹塔紫宝石,15,4,102041,102042,3024,3025,1,20,0,,,,5,1,22,4,Fire_point_2,BodyPoint,2,2,1,1,1,弹跳次数,-1,弹跳范围(小于0取塔范围),1,每次弹跳的伤害衰减(1不衰减),,
20023,,,一星防空飞弹塔紫宝石,15,4,102041,102042,3024,3025,1,20,0,,,,5,1,22,4,Fire_point_3,BodyPoint,2,2,1,1,1,弹跳次数,-1,弹跳范围(小于0取塔范围),1,每次弹跳的伤害衰减(1不衰减),,
20031,,,一星防空飞弹塔红宝石,15,2,102011,102012,3024,3025,1,21,0,,,,5,1,22,4,Fire_point_1,BodyPoint,2,2,1,1,1,弹跳次数,-1,弹跳范围(小于0取塔范围),1,每次弹跳的伤害衰减(1不衰减),,
20032,,,一星防空飞弹塔红宝石,15,2,102011,102012,3024,3025,1,21,0,,,,5,1,22,4,Fire_point_2,BodyPoint,2,2,1,1,1,弹跳次数,-1,弹跳范围(小于0取塔范围),1,每次弹跳的伤害衰减(1不衰减),,
20033,,,一星防空飞弹塔红宝石,15,2,102011,102012,3024,3025,1,21,0,,,,5,1,22,4,Fire_point_3,BodyPoint,2,2,1,1,1,弹跳次数,-1,弹跳范围(小于0取塔范围),1,每次弹跳的伤害衰减(1不衰减),,
20041,,,一星防空飞弹塔绿宝石,15,5,102021,102022,3024,3025,1,19,0,,,,5,1,22,4,Fire_point_1,BodyPoint,2,2,1,1,1,弹跳次数,-1,弹跳范围(小于0取塔范围),1,每次弹跳的伤害衰减(1不衰减),,
20042,,,一星防空飞弹塔绿宝石,15,5,102021,102022,3024,3025,1,19,0,,,,5,1,22,4,Fire_point_2,BodyPoint,2,2,1,1,1,弹跳次数,-1,弹跳范围(小于0取塔范围),1,每次弹跳的伤害衰减(1不衰减),,
20043,,,一星防空飞弹塔绿宝石,15,5,102021,102022,3024,3025,1,19,0,,,,5,1,22,4,Fire_point_3,BodyPoint,2,2,1,1,1,弹跳次数,-1,弹跳范围(小于0取塔范围),1,每次弹跳的伤害衰减(1不衰减),,
20051,,,一星防空飞弹塔蓝宝石,15,3,102031,102032,3024,3025,1,18,0,,,,5,1,22,4,Fire_point_1,BodyPoint,2,2,1,1,1,弹跳次数,-1,弹跳范围(小于0取塔范围),1,每次弹跳的伤害衰减(1不衰减),,
20052,,,一星防空飞弹塔蓝宝石,15,3,102031,102032,3024,3025,1,18,0,,,,5,1,22,4,Fire_point_2,BodyPoint,2,2,1,1,1,弹跳次数,-1,弹跳范围(小于0取塔范围),1,每次弹跳的伤害衰减(1不衰减),,
20053,,,一星防空飞弹塔蓝宝石,15,3,102031,102032,3024,3025,1,18,0,,,,5,1,22,4,Fire_point_3,BodyPoint,2,2,1,1,1,弹跳次数,-1,弹跳范围(小于0取塔范围),1,每次弹跳的伤害衰减(1不衰减),,
21011,,,二星防空飞弹塔,15,0,102101,102002,3024,3025,1,5,0,,,,0,1,22,4,Fire_point_1,BodyPoint,2,2,1,1,1,弹跳次数,-1,弹跳范围(小于0取塔范围),1,每次弹跳的伤害衰减(1不衰减),,
21012,,,二星防空飞弹塔,15,0,102101,102002,3024,3025,1,5,0,,,,0,1,22,4,Fire_point_2,BodyPoint,2,2,1,1,1,弹跳次数,-1,弹跳范围(小于0取塔范围),1,每次弹跳的伤害衰减(1不衰减),,
21013,,,二星防空飞弹塔,15,0,102101,102002,3024,3025,1,5,0,,,,0,1,22,4,Fire_point_3,BodyPoint,2,2,1,1,1,弹跳次数,-1,弹跳范围(小于0取塔范围),1,每次弹跳的伤害衰减(1不衰减),,
21014,,,二星防空飞弹塔,15,0,102101,102002,3024,3025,1,5,0,,,,0,1,22,4,Fire_point_4,BodyPoint,2,2,1,1,1,弹跳次数,-1,弹跳范围(小于0取塔范围),1,每次弹跳的伤害衰减(1不衰减),,
21021,,,二星防空飞弹塔紫宝石,15,4,102041,102042,3024,3025,1,20,0,,,,10,1,22,4,Fire_point_1,BodyPoint,2,2,1,1,1,弹跳次数,-1,弹跳范围(小于0取塔范围),1,每次弹跳的伤害衰减(1不衰减),,
21022,,,二星防空飞弹塔紫宝石,15,4,102041,102042,3024,3025,1,20,0,,,,10,1,22,4,Fire_point_2,BodyPoint,2,2,1,1,1,弹跳次数,-1,弹跳范围(小于0取塔范围),1,每次弹跳的伤害衰减(1不衰减),,
21023,,,二星防空飞弹塔紫宝石,15,4,102041,102042,3024,3025,1,20,0,,,,10,1,22,4,Fire_point_3,BodyPoint,2,2,1,1,1,弹跳次数,-1,弹跳范围(小于0取塔范围),1,每次弹跳的伤害衰减(1不衰减),,
21024,,,二星防空飞弹塔紫宝石,15,4,102041,102042,3024,3025,1,20,0,,,,10,1,22,4,Fire_point_4,BodyPoint,2,2,1,1,1,弹跳次数,-1,弹跳范围(小于0取塔范围),1,每次弹跳的伤害衰减(1不衰减),,
21031,,,二星防空飞弹塔红宝石,15,2,102011,102012,3024,3025,1,21,0,,,,10,1,22,4,Fire_point_1,BodyPoint,2,2,1,1,1,弹跳次数,-1,弹跳范围(小于0取塔范围),1,每次弹跳的伤害衰减(1不衰减),,
21032,,,二星防空飞弹塔红宝石,15,2,102011,102012,3024,3025,1,21,0,,,,10,1,22,4,Fire_point_2,BodyPoint,2,2,1,1,1,弹跳次数,-1,弹跳范围(小于0取塔范围),1,每次弹跳的伤害衰减(1不衰减),,
21033,,,二星防空飞弹塔红宝石,15,2,102011,102012,3024,3025,1,21,0,,,,10,1,22,4,Fire_point_3,BodyPoint,2,2,1,1,1,弹跳次数,-1,弹跳范围(小于0取塔范围),1,每次弹跳的伤害衰减(1不衰减),,
21034,,,二星防空飞弹塔红宝石,15,2,102011,102012,3024,3025,1,21,0,,,,10,1,22,4,Fire_point_4,BodyPoint,2,2,1,1,1,弹跳次数,-1,弹跳范围(小于0取塔范围),1,每次弹跳的伤害衰减(1不衰减),,
21041,,,二星防空飞弹塔绿宝石,15,5,102021,102022,3024,3025,1,19,0,,,,10,1,22,4,Fire_point_1,BodyPoint,2,2,1,1,1,弹跳次数,-1,弹跳范围(小于0取塔范围),1,每次弹跳的伤害衰减(1不衰减),,
21042,,,二星防空飞弹塔绿宝石,15,5,102021,102022,3024,3025,1,19,0,,,,10,1,22,4,Fire_point_2,BodyPoint,2,2,1,1,1,弹跳次数,-1,弹跳范围(小于0取塔范围),1,每次弹跳的伤害衰减(1不衰减),,
21043,,,二星防空飞弹塔绿宝石,15,5,102021,102022,3024,3025,1,19,0,,,,10,1,22,4,Fire_point_3,BodyPoint,2,2,1,1,1,弹跳次数,-1,弹跳范围(小于0取塔范围),1,每次弹跳的伤害衰减(1不衰减),,
21044,,,二星防空飞弹塔绿宝石,15,5,102021,102022,3024,3025,1,19,0,,,,10,1,22,4,Fire_point_4,BodyPoint,2,2,1,1,1,弹跳次数,-1,弹跳范围(小于0取塔范围),1,每次弹跳的伤害衰减(1不衰减),,
21051,,,二星防空飞弹塔蓝宝石,15,3,102031,102032,3024,3025,1,18,0,,,,10,1,22,4,Fire_point_1,BodyPoint,2,2,1,1,1,弹跳次数,-1,弹跳范围(小于0取塔范围),1,每次弹跳的伤害衰减(1不衰减),,
21052,,,二星防空飞弹塔蓝宝石,15,3,102031,102032,3024,3025,1,18,0,,,,10,1,22,4,Fire_point_2,BodyPoint,2,2,1,1,1,弹跳次数,-1,弹跳范围(小于0取塔范围),1,每次弹跳的伤害衰减(1不衰减),,
21053,,,二星防空飞弹塔蓝宝石,15,3,102031,102032,3024,3025,1,18,0,,,,10,1,22,4,Fire_point_3,BodyPoint,2,2,1,1,1,弹跳次数,-1,弹跳范围(小于0取塔范围),1,每次弹跳的伤害衰减(1不衰减),,
21054,,,二星防空飞弹塔蓝宝石,15,3,102031,102032,3024,3025,1,18,0,,,,10,1,22,4,Fire_point_4,BodyPoint,2,2,1,1,1,弹跳次数,-1,弹跳范围(小于0取塔范围),1,每次弹跳的伤害衰减(1不衰减),,
22011,,,三星防空飞弹塔,15,0,102201,102002,3024,3025,1,5,0,,,,0,1,22,4,Fire_point_1,BodyPoint,2,2,1,1,1,弹跳次数,-1,弹跳范围(小于0取塔范围),1,每次弹跳的伤害衰减(1不衰减),,
22012,,,三星防空飞弹塔,15,0,102201,102002,3024,3025,1,5,0,,,,0,1,22,4,Fire_point_2,BodyPoint,2,2,1,1,1,弹跳次数,-1,弹跳范围(小于0取塔范围),1,每次弹跳的伤害衰减(1不衰减),,
22013,,,三星防空飞弹塔,15,0,102201,102002,3024,3025,1,5,0,,,,0,1,22,4,Fire_point_3,BodyPoint,2,2,1,1,1,弹跳次数,-1,弹跳范围(小于0取塔范围),1,每次弹跳的伤害衰减(1不衰减),,
22014,,,三星防空飞弹塔,15,0,102201,102002,3024,3025,1,5,0,,,,0,1,22,4,Fire_point_4,BodyPoint,2,2,1,1,1,弹跳次数,-1,弹跳范围(小于0取塔范围),1,每次弹跳的伤害衰减(1不衰减),,
22015,,,三星防空飞弹塔,15,0,102201,102002,3024,3025,1,5,0,,,,0,1,22,4,Fire_point_5,BodyPoint,2,2,1,1,1,弹跳次数,-1,弹跳范围(小于0取塔范围),1,每次弹跳的伤害衰减(1不衰减),,
22021,,,三星防空飞弹塔紫宝石,15,4,102041,102042,3024,3025,1,20,0,,,,15,1,22,4,Fire_point_1,BodyPoint,2,2,1,1,1,弹跳次数,-1,弹跳范围(小于0取塔范围),1,每次弹跳的伤害衰减(1不衰减),,
22022,,,三星防空飞弹塔紫宝石,15,4,102041,102042,3024,3025,1,20,0,,,,15,1,22,4,Fire_point_2,BodyPoint,2,2,1,1,1,弹跳次数,-1,弹跳范围(小于0取塔范围),1,每次弹跳的伤害衰减(1不衰减),,
22023,,,三星防空飞弹塔紫宝石,15,4,102041,102042,3024,3025,1,20,0,,,,15,1,22,4,Fire_point_3,BodyPoint,2,2,1,1,1,弹跳次数,-1,弹跳范围(小于0取塔范围),1,每次弹跳的伤害衰减(1不衰减),,
22024,,,三星防空飞弹塔紫宝石,15,4,102041,102042,3024,3025,1,20,0,,,,15,1,22,4,Fire_point_4,BodyPoint,2,2,1,1,1,弹跳次数,-1,弹跳范围(小于0取塔范围),1,每次弹跳的伤害衰减(1不衰减),,
22025,,,三星防空飞弹塔紫宝石,15,4,102041,102042,3024,3025,1,20,0,,,,15,1,22,4,Fire_point_5,BodyPoint,2,2,1,1,1,弹跳次数,-1,弹跳范围(小于0取塔范围),1,每次弹跳的伤害衰减(1不衰减),,
22031,,,三星防空飞弹塔红宝石,15,2,102011,102012,3024,3025,1,21,0,,,,15,1,22,4,Fire_point_1,BodyPoint,2,2,1,1,1,弹跳次数,-1,弹跳范围(小于0取塔范围),1,每次弹跳的伤害衰减(1不衰减),,
22032,,,三星防空飞弹塔红宝石,15,2,102011,102012,3024,3025,1,21,0,,,,15,1,22,4,Fire_point_2,BodyPoint,2,2,1,1,1,弹跳次数,-1,弹跳范围(小于0取塔范围),1,每次弹跳的伤害衰减(1不衰减),,
22033,,,三星防空飞弹塔红宝石,15,2,102011,102012,3024,3025,1,21,0,,,,15,1,22,4,Fire_point_3,BodyPoint,2,2,1,1,1,弹跳次数,-1,弹跳范围(小于0取塔范围),1,每次弹跳的伤害衰减(1不衰减),,
22034,,,三星防空飞弹塔红宝石,15,2,102011,102012,3024,3025,1,21,0,,,,15,1,22,4,Fire_point_4,BodyPoint,2,2,1,1,1,弹跳次数,-1,弹跳范围(小于0取塔范围),1,每次弹跳的伤害衰减(1不衰减),,
22035,,,三星防空飞弹塔红宝石,15,2,102011,102012,3024,3025,1,21,0,,,,15,1,22,4,Fire_point_5,BodyPoint,2,2,1,1,1,弹跳次数,-1,弹跳范围(小于0取塔范围),1,每次弹跳的伤害衰减(1不衰减),,
22041,,,三星防空飞弹塔绿宝石,15,5,102021,102022,3024,3025,1,19,0,,,,15,1,22,4,Fire_point_1,BodyPoint,2,2,1,1,1,弹跳次数,-1,弹跳范围(小于0取塔范围),1,每次弹跳的伤害衰减(1不衰减),,
22042,,,三星防空飞弹塔绿宝石,15,5,102021,102022,3024,3025,1,19,0,,,,15,1,22,4,Fire_point_2,BodyPoint,2,2,1,1,1,弹跳次数,-1,弹跳范围(小于0取塔范围),1,每次弹跳的伤害衰减(1不衰减),,
22043,,,三星防空飞弹塔绿宝石,15,5,102021,102022,3024,3025,1,19,0,,,,15,1,22,4,Fire_point_3,BodyPoint,2,2,1,1,1,弹跳次数,-1,弹跳范围(小于0取塔范围),1,每次弹跳的伤害衰减(1不衰减),,
22044,,,三星防空飞弹塔绿宝石,15,5,102021,102022,3024,3025,1,19,0,,,,15,1,22,4,Fire_point_4,BodyPoint,2,2,1,1,1,弹跳次数,-1,弹跳范围(小于0取塔范围),1,每次弹跳的伤害衰减(1不衰减),,
22045,,,三星防空飞弹塔绿宝石,15,5,102021,102022,3024,3025,1,19,0,,,,15,1,22,4,Fire_point_5,BodyPoint,2,2,1,1,1,弹跳次数,-1,弹跳范围(小于0取塔范围),1,每次弹跳的伤害衰减(1不衰减),,
22051,,,三星防空飞弹塔蓝宝石,15,3,102031,102032,3024,3025,1,18,0,,,,15,1,22,4,Fire_point_1,BodyPoint,2,2,1,1,1,弹跳次数,-1,弹跳范围(小于0取塔范围),1,每次弹跳的伤害衰减(1不衰减),,
22052,,,三星防空飞弹塔蓝宝石,15,3,102031,102032,3024,3025,1,18,0,,,,15,1,22,4,Fire_point_2,BodyPoint,2,2,1,1,1,弹跳次数,-1,弹跳范围(小于0取塔范围),1,每次弹跳的伤害衰减(1不衰减),,
22053,,,三星防空飞弹塔蓝宝石,15,3,102031,102032,3024,3025,1,18,0,,,,15,1,22,4,Fire_point_3,BodyPoint,2,2,1,1,1,弹跳次数,-1,弹跳范围(小于0取塔范围),1,每次弹跳的伤害衰减(1不衰减),,
22054,,,三星防空飞弹塔蓝宝石,15,3,102031,102032,3024,3025,1,18,0,,,,15,1,22,4,Fire_point_4,BodyPoint,2,2,1,1,1,弹跳次数,-1,弹跳范围(小于0取塔范围),1,每次弹跳的伤害衰减(1不衰减),,
22055,,,三星防空飞弹塔蓝宝石,15,3,102031,102032,3024,3025,1,18,0,,,,15,1,22,4,Fire_point_5,BodyPoint,2,2,1,1,1,弹跳次数,-1,弹跳范围(小于0取塔范围),1,每次弹跳的伤害衰减(1不衰减),,
30011,,,一星投石机,10,0,103001,0,3012,3013,1,6,103002,,,,0,1,12,4,Fire_point,FootPoint,0,1,0,1,1,抛物线最高高度,3,爆炸范围,,,,
30021,,,一星投石机紫宝石,10,4,103041,0,3012,3013,1,20,103042,,,,15,1,12,4,Fire_point,FootPoint,0,1,0,1,1,抛物线最高高度,3,爆炸范围,,,,
30031,,,一星投石机红宝石,10,2,103011,0,3012,3013,1,21,103012,,,,15,1,12,4,Fire_point,FootPoint,0,1,0,1,1,抛物线最高高度,3,爆炸范围,,,,
30041,,,一星投石机绿宝石,10,5,103021,0,3012,3013,1,19,103022,,,,15,1,12,4,Fire_point,FootPoint,0,1,0,1,1,抛物线最高高度,3,爆炸范围,,,,
30051,,,一星投石机蓝宝石,10,3,103031,0,3012,3013,1,18,103032,,,,15,1,12,4,Fire_point,FootPoint,0,1,0,1,1,抛物线最高高度,3,爆炸范围,,,,
31011,,,二星投石机,10,0,103001,0,3012,3013,1,6,103002,,,,0,1,12,4,Fire_point,FootPoint,0,1,0,1,1,抛物线最高高度,3,爆炸范围,,,,
31021,,,二星投石机紫宝石,10,4,103041,0,3012,3013,1,20,103042,,,,25,1,12,4,Fire_point,FootPoint,0,1,0,1,1,抛物线最高高度,3,爆炸范围,,,,
31031,,,二星投石机红宝石,10,2,103011,0,3012,3013,1,21,103012,,,,25,1,12,4,Fire_point,FootPoint,0,1,0,1,1,抛物线最高高度,3,爆炸范围,,,,
31041,,,二星投石机绿宝石,10,5,103021,0,3012,3013,1,19,103022,,,,25,1,12,4,Fire_point,FootPoint,0,1,0,1,1,抛物线最高高度,3,爆炸范围,,,,
31051,,,二星投石机蓝宝石,10,3,103031,0,3012,3013,1,18,103032,,,,25,1,12,4,Fire_point,FootPoint,0,1,0,1,1,抛物线最高高度,3,爆炸范围,,,,
32011,,,三星投石机,10,0,103001,0,3012,3013,1,6,103002,,,,0,1,12,4,Fire_point,FootPoint,0,1,0,1,1,抛物线最高高度,3,爆炸范围,,,,
32021,,,三星投石机紫宝石,10,4,103041,0,3012,3013,1,20,103042,,,,35,1,12,4,Fire_point,FootPoint,0,1,0,1,1,抛物线最高高度,3,爆炸范围,,,,
32031,,,三星投石机红宝石,10,2,103011,0,3012,3013,1,21,103012,,,,35,1,12,4,Fire_point,FootPoint,0,1,0,1,1,抛物线最高高度,3,爆炸范围,,,,
32041,,,三星投石机绿宝石,10,5,103021,0,3012,3013,1,19,103022,,,,35,1,12,4,Fire_point,FootPoint,0,1,0,1,1,抛物线最高高度,3,爆炸范围,,,,
32051,,,三星投石机蓝宝石,10,3,103031,0,3012,3013,1,18,103032,,,,35,1,12,4,Fire_point,FootPoint,0,1,0,1,1,抛物线最高高度,3,爆炸范围,,,,
40021,,,一星镶嵌塔一星紫宝石,3,4,104043,104042,3045,3046,1,36,0,,,,36,1,0,4,Fire_point_1,BodyPoint,0,3,1,1,3,串联的目标数量,0.35,攻击力递减百分比,,,,
40031,,,一星镶嵌塔红宝石,1,2,104011,104012,3036,3037,1,37,0,,,,60,1,13,4,Fire_point_1,BodyPoint,0,3,1,1,,,,,,,,
40041,,,一星镶嵌塔绿宝石,1,5,104021,104022,3042,3043,1,35,0,,,,45,1,13,4,Fire_point_1,BodyPoint,0,3,1,1,,,,,,,,
40051,,,一星镶嵌塔蓝宝石,1,3,104031,104032,3039,3040,1,34,0,,,,20,1,13,4,Fire_point_1,BodyPoint,0,3,1,1,,,,,,,,
40121,,,一星镶嵌塔二星紫宝石,3,4,104043,104042,3045,3046,1,36,0,,,,49,1,0,4,Fire_point_1,BodyPoint,0,3,1,1,3,串联的目标数量,0.35,攻击力递减百分比,,,,
40221,,,一星镶嵌塔三星紫宝石,3,4,104043,104042,3045,3046,1,36,0,,,,63,1,0,4,Fire_point_1,BodyPoint,0,3,1,1,3,串联的目标数量,0.35,攻击力递减百分比,,,,
40321,,,一星镶嵌塔四星紫宝石,3,4,104043,104042,3045,3046,1,36,0,,,,79,1,0,4,Fire_point_1,BodyPoint,0,3,1,1,3,串联的目标数量,0.35,攻击力递减百分比,,,,
40421,,,一星镶嵌塔五星紫宝石,3,4,104043,104042,3045,3046,1,36,0,,,,103,1,0,4,Fire_point_1,BodyPoint,0,3,1,1,3,串联的目标数量,0.35,攻击力递减百分比,,,,
41021,,,二星镶嵌塔一星紫宝石,3,4,104043,104042,3045,3046,1,36,0,,,,41,1,0,4,Fire_point_1,BodyPoint,0,3,1,1,3,串联的目标数量,0.3,攻击力递减百分比,,,,
41031,,,二星镶嵌塔红宝石,1,2,104011,104012,3036,3037,1,37,0,,,,85,1,13,4,Fire_point_1,BodyPoint,0,3,1,1,,,,,,,,
41041,,,二星镶嵌塔绿宝石,1,5,104021,104022,3042,3043,1,35,0,,,,50,1,13,4,Fire_point_1,BodyPoint,0,3,1,1,,,,,,,,
41051,,,二星镶嵌塔蓝宝石,1,3,104031,104032,3039,3040,1,34,0,,,,30,1,13,4,Fire_point_1,BodyPoint,0,3,1,1,,,,,,,,
41121,,,二星镶嵌塔二星紫宝石,3,4,104043,104042,3045,3046,1,36,0,,,,54,1,0,4,Fire_point_1,BodyPoint,0,3,1,1,3,,0.3,,,,,
41221,,,二星镶嵌塔三星紫宝石,3,4,104043,104042,3045,3046,1,36,0,,,,74,1,0,4,Fire_point_1,BodyPoint,0,3,1,1,3,串联的目标数量,0.3,攻击力递减百分比,,,,
41321,,,二星镶嵌塔四星紫宝石,3,4,104043,104042,3045,3046,1,36,0,,,,85,1,0,4,Fire_point_1,BodyPoint,0,3,1,1,3,串联的目标数量,0.3,攻击力递减百分比,,,,
41421,,,二星镶嵌塔五星紫宝石,3,4,104043,104042,3045,3046,1,36,0,,,,111,1,0,4,Fire_point_1,BodyPoint,0,3,1,1,3,串联的目标数量,0.3,攻击力递减百分比,,,,
42021,,,三星镶嵌塔一星紫宝石,3,4,104043,104042,3045,3046,1,36,0,,,,62,1,0,4,Fire_point_1,BodyPoint,0,3,1,1,3,串联的目标数量,0.25,攻击力递减百分比,,,,
42031,,,三星镶嵌塔红宝石,1,2,104011,104012,3036,3037,1,37,0,,,,110,1,13,4,Fire_point_1,BodyPoint,0,3,1,1,,,,,,,,
42041,,,三星镶嵌塔绿宝石,1,5,104021,104022,3042,3043,1,35,0,,,,66,1,13,4,Fire_point_1,BodyPoint,0,3,1,1,,,,,,,,
42051,,,三星镶嵌塔蓝宝石,1,3,104031,104032,3039,3040,1,34,0,,,,45,1,13,4,Fire_point_1,BodyPoint,0,3,1,1,,,,,,,,
42121,,,三星镶嵌塔二星紫宝石,3,4,104043,104042,3045,3046,1,36,0,,,,65,1,0,4,Fire_point_1,BodyPoint,0,3,1,1,3,,0.25,,,,,
42221,,,三星镶嵌塔三星紫宝石,3,4,104043,104042,3045,3046,1,36,0,,,,81,1,0,4,Fire_point_1,BodyPoint,0,3,1,1,3,串联的目标数量,0.25,攻击力递减百分比,,,,
42321,,,三星镶嵌塔四星紫宝石,3,4,104043,104042,3045,3046,1,36,0,,,,98,1,0,4,Fire_point_1,BodyPoint,0,3,1,1,3,串联的目标数量,0.25,攻击力递减百分比,,,,
42421,,,三星镶嵌塔五星紫宝石,3,4,104043,104042,3045,3046,1,36,0,,,,140,1,0,4,Fire_point_1,BodyPoint,0,3,1,1,3,串联的目标数量,0.25,攻击力递减百分比,,,,
80011,,,一星火炮塔,5,2,108001,108002,3015,3016,1,6,0,,,,0,1,50,4,Fire_point,BodyPoint,0,1,0,0,0,伤害范围,,,,,,
80012,,,一星火炮塔,5,2,108001,108002,3015,3016,1,6,42,,,,0,1,35,0,,BodyPoint,0,1,0,1,3,伤害范围,,,,,,
80021,,,一星火炮塔紫宝石,5,4,108041,108042,3015,3016,1,20,0,,,,30,1,50,4,Fire_point,BodyPoint,0,1,0,0,0,伤害范围,,,,,,
80022,,,一星火炮塔紫宝石,5,4,108041,108042,3015,3016,1,20,42,,,,30,1,35,0,,BodyPoint,0,1,0,1,3,伤害范围,,,,,,
80031,,,一星火炮塔红宝石,5,2,108011,108012,3015,3016,1,21,0,,,,30,1,50,4,Fire_point,BodyPoint,0,1,0,0,0,伤害范围,,,,,,
80032,,,一星火炮塔红宝石,5,2,108011,108012,3015,3016,1,21,42,,,,30,1,35,0,,BodyPoint,0,1,0,1,3,伤害范围,,,,,,
80041,,,一星火炮塔绿宝石,5,5,108021,108022,3015,3016,1,19,0,,,,30,1,50,4,Fire_point,BodyPoint,0,1,0,0,0,伤害范围,,,,,,
80042,,,一星火炮塔绿宝石,5,5,108021,108022,3015,3016,1,19,42,,,,30,1,35,0,,BodyPoint,0,1,0,1,3,伤害范围,,,,,,
80051,,,一星火炮塔蓝宝石,5,3,108031,108032,3015,3016,1,18,0,,,,30,1,50,4,Fire_point,BodyPoint,0,1,0,0,0,伤害范围,,,,,,
80052,,,一星火炮塔蓝宝石,5,3,108031,108032,3015,3016,1,18,42,,,,30,1,35,0,,BodyPoint,0,1,0,1,3,伤害范围,,,,,,
81011,,,二星火炮塔,5,2,108101,108002,3015,3016,1,6,0,,,,0,1,50,4,Fire_point,BodyPoint,0,1,0,0,0,伤害范围,,,,,,
81012,,,二星火炮塔,5,2,108101,108002,3015,3016,1,6,42,,,,0,1,35,0,,BodyPoint,0,1,0,1,3,伤害范围,,,,,,
81021,,,二星火炮塔紫宝石,5,4,108041,108042,3015,3016,1,20,0,,,,30,1,50,4,Fire_point,BodyPoint,0,1,0,0,0,伤害范围,,,,,,
81022,,,二星火炮塔紫宝石,5,4,108041,108042,3015,3016,1,20,42,,,,30,1,35,0,,BodyPoint,0,1,0,1,3,伤害范围,,,,,,
81031,,,二星火炮塔红宝石,5,2,108011,108012,3015,3016,1,21,0,,,,30,1,50,4,Fire_point,BodyPoint,0,1,0,0,0,伤害范围,,,,,,
81032,,,二星火炮塔红宝石,5,2,108011,108012,3015,3016,1,21,42,,,,30,1,35,0,,BodyPoint,0,1,0,1,3,伤害范围,,,,,,
81041,,,二星火炮塔绿宝石,5,5,108021,108022,3015,3016,1,19,0,,,,30,1,50,4,Fire_point,BodyPoint,0,1,0,0,0,伤害范围,,,,,,
81042,,,二星火炮塔绿宝石,5,5,108021,108022,3015,3016,1,19,42,,,,30,1,35,0,,BodyPoint,0,1,0,1,3,伤害范围,,,,,,
81051,,,二星火炮塔蓝宝石,5,3,108031,108032,3015,3016,1,18,0,,,,30,1,50,4,Fire_point,BodyPoint,0,1,0,0,0,伤害范围,,,,,,
81052,,,二星火炮塔蓝宝石,5,3,108031,108032,3015,3016,1,18,42,,,,30,1,35,0,,BodyPoint,0,1,0,1,3,伤害范围,,,,,,
82011,,,三星火炮塔,5,2,108201,108002,3015,3016,1,6,0,,,,0,1,50,4,Fire_point,BodyPoint,0,1,0,0,0,伤害范围,,,,,,
82012,,,三星火炮塔,5,2,108201,108002,3015,3016,1,6,42,,,,0,1,35,0,,BodyPoint,0,1,0,1,3,伤害范围,,,,,,
82021,,,三星火炮塔紫宝石,5,4,108041,108042,3015,3016,1,20,0,,,,30,1,50,4,Fire_point,BodyPoint,0,1,0,0,0,伤害范围,,,,,,
82022,,,三星火炮塔紫宝石,5,4,108041,108042,3015,3016,1,20,42,,,,30,1,35,0,,BodyPoint,0,1,0,1,3,伤害范围,,,,,,
82031,,,三星火炮塔红宝石,5,2,108011,108012,3015,3016,1,21,0,,,,30,1,50,4,Fire_point,BodyPoint,0,1,0,0,0,伤害范围,,,,,,
82032,,,三星火炮塔红宝石,5,2,108011,108012,3015,3016,1,21,42,,,,30,1,35,0,,BodyPoint,0,1,0,1,3,伤害范围,,,,,,
82041,,,三星火炮塔绿宝石,5,5,108021,108022,3015,3016,1,19,0,,,,30,1,50,4,Fire_point,BodyPoint,0,1,0,0,0,伤害范围,,,,,,
82042,,,三星火炮塔绿宝石,5,5,108021,108022,3015,3016,1,19,42,,,,30,1,35,0,,BodyPoint,0,1,0,1,3,伤害范围,,,,,,
82051,,,三星火炮塔蓝宝石,5,3,108031,108032,3015,3016,1,18,0,,,,30,1,50,4,Fire_point,BodyPoint,0,1,0,0,0,伤害范围,,,,,,
82052,,,三星火炮塔蓝宝石,5,3,108031,108032,3015,3016,1,18,42,,,,30,1,35,0,,BodyPoint,0,1,0,1,3,伤害范围,,,,,,
90011,,,一星回旋飞镖塔,16,3,109001,112002,3048,3049,1,5,0,,,,0,1,18,4,Fire_point_1,BodyPoint,3,2,1,1,80,"弧线对应的角度,角度制","2,5,2",子弹大小,,,,
90021,,,一星回旋飞镖塔紫宝石,16,4,112041,112042,3048,3049,1,20,0,,,,10,1,18,4,Fire_point_1,BodyPoint,3,2,1,1,80,"弧线对应的角度,角度制","2,5,2",子弹大小,,,,
90031,,,一星回旋飞镖塔红宝石,16,2,112011,112012,3048,3049,1,21,0,,,,10,1,18,4,Fire_point_1,BodyPoint,3,2,1,1,80,"弧线对应的角度,角度制","2,5,2",子弹大小,,,,
90041,,,一星回旋飞镖塔绿宝石,16,5,112021,112022,3048,3049,1,19,0,,,,10,1,18,4,Fire_point_1,BodyPoint,3,2,1,1,80,"弧线对应的角度,角度制","2,5,2",子弹大小,,,,
90051,,,一星回旋飞镖塔蓝宝石,16,3,112031,112032,3048,3049,1,18,0,,,,10,1,18,4,Fire_point_1,BodyPoint,3,2,1,1,80,"弧线对应的角度,角度制","2,5,2",子弹大小,,,,
91011,,,二星回旋飞镖塔,16,3,109101,112002,3048,3049,1,5,0,,,,0,1,18,4,Fire_point_1,BodyPoint,3,2,1,1,80,"弧线对应的角度,角度制","2,5,2",子弹大小,,,,
91012,,,二星回旋飞镖塔,16,3,109101,112002,3048,3049,1,5,0,,,,0,1,18,4,Fire_point_1,BodyPoint,3,2,1,1,80,"弧线对应的角度,角度制","2,5,2",子弹大小,,,,
91021,,,二星回旋飞镖塔紫宝石,16,4,112041,112042,3048,3049,1,20,0,,,,20,1,18,4,Fire_point_1,BodyPoint,3,2,1,1,80,"弧线对应的角度,角度制","2,5,2",子弹大小,,,,
91022,,,二星回旋飞镖塔紫宝石,16,4,112041,112042,3048,3049,1,20,0,,,,20,1,18,4,Fire_point_1,BodyPoint,3,2,1,1,80,"弧线对应的角度,角度制","2,5,2",子弹大小,,,,
91031,,,二星回旋飞镖塔红宝石,16,2,112011,112012,3048,3049,1,21,0,,,,20,1,18,4,Fire_point_1,BodyPoint,3,2,1,1,80,"弧线对应的角度,角度制","2,5,2",子弹大小,,,,
91032,,,二星回旋飞镖塔红宝石,16,2,112011,112012,3048,3049,1,21,0,,,,20,1,18,4,Fire_point_1,BodyPoint,3,2,1,1,80,"弧线对应的角度,角度制","2,5,2",子弹大小,,,,
91041,,,二星回旋飞镖塔绿宝石,16,5,112021,112022,3048,3049,1,19,0,,,,20,1,18,4,Fire_point_1,BodyPoint,3,2,1,1,80,"弧线对应的角度,角度制","2,5,2",子弹大小,,,,
91042,,,二星回旋飞镖塔绿宝石,16,5,112021,112022,3048,3049,1,19,0,,,,20,1,18,4,Fire_point_1,BodyPoint,3,2,1,1,80,"弧线对应的角度,角度制","2,5,2",子弹大小,,,,
91051,,,二星回旋飞镖塔蓝宝石,16,3,112031,112032,3048,3049,1,18,0,,,,20,1,18,4,Fire_point_1,BodyPoint,3,2,1,1,80,"弧线对应的角度,角度制","2,5,2",子弹大小,,,,
91052,,,二星回旋飞镖塔蓝宝石,16,3,112031,112032,3048,3049,1,18,0,,,,20,1,18,4,Fire_point_1,BodyPoint,3,2,1,1,80,"弧线对应的角度,角度制","2,5,2",子弹大小,,,,
92011,,,三星回旋飞镖塔,16,3,109201,112002,3048,3049,1,5,0,,,,0,1,18,4,Fire_point_1,BodyPoint,3,2,1,1,80,"弧线对应的角度,角度制","2,5,2",子弹大小,,,,
92012,,,三星回旋飞镖塔,16,3,109201,112002,3048,3049,1,5,0,,,,0,1,18,4,Fire_point_1,BodyPoint,3,2,1,1,80,"弧线对应的角度,角度制","2,5,2",子弹大小,,,,
92013,,,三星回旋飞镖塔,16,3,109201,112002,3048,3049,1,5,0,,,,0,1,18,4,Fire_point_1,BodyPoint,3,2,1,1,80,"弧线对应的角度,角度制","2,5,2",子弹大小,,,,
92021,,,三星回旋飞镖塔紫宝石,16,4,112041,112042,3048,3049,1,20,0,,,,30,1,18,4,Fire_point_1,BodyPoint,3,2,1,1,80,"弧线对应的角度,角度制","2,5,2",子弹大小,,,,
92022,,,三星回旋飞镖塔紫宝石,16,4,112041,112042,3048,3049,1,20,0,,,,30,1,18,4,Fire_point_1,BodyPoint,3,2,1,1,80,"弧线对应的角度,角度制","2,5,2",子弹大小,,,,
92023,,,三星回旋飞镖塔紫宝石,16,4,112041,112042,3048,3049,1,20,0,,,,30,1,18,4,Fire_point_1,BodyPoint,3,2,1,1,80,"弧线对应的角度,角度制","2,5,2",子弹大小,,,,
92031,,,三星回旋飞镖塔红宝石,16,2,112011,112012,3048,3049,1,21,0,,,,30,1,18,4,Fire_point_1,BodyPoint,3,2,1,1,80,"弧线对应的角度,角度制","2,5,2",子弹大小,,,,
92032,,,三星回旋飞镖塔红宝石,16,2,112011,112012,3048,3049,1,21,0,,,,30,1,18,4,Fire_point_1,BodyPoint,3,2,1,1,80,"弧线对应的角度,角度制","2,5,2",子弹大小,,,,
92033,,,三星回旋飞镖塔红宝石,16,2,112011,112012,3048,3049,1,21,0,,,,30,1,18,4,Fire_point_1,BodyPoint,3,2,1,1,80,"弧线对应的角度,角度制","2,5,2",子弹大小,,,,
92041,,,三星回旋飞镖塔绿宝石,16,5,112021,112022,3048,3049,1,19,0,,,,30,1,18,4,Fire_point_1,BodyPoint,3,2,1,1,80,"弧线对应的角度,角度制","2,5,2",子弹大小,,,,
92042,,,三星回旋飞镖塔绿宝石,16,5,112021,112022,3048,3049,1,19,0,,,,30,1,18,4,Fire_point_1,BodyPoint,3,2,1,1,80,"弧线对应的角度,角度制","2,5,2",子弹大小,,,,
92043,,,三星回旋飞镖塔绿宝石,16,5,112021,112022,3048,3049,1,19,0,,,,30,1,18,4,Fire_point_1,BodyPoint,3,2,1,1,80,"弧线对应的角度,角度制","2,5,2",子弹大小,,,,
92051,,,三星回旋飞镖塔蓝宝石,16,3,112031,112032,3048,3049,1,18,0,,,,30,1,18,4,Fire_point_1,BodyPoint,3,2,1,1,80,"弧线对应的角度,角度制","2,5,2",子弹大小,,,,
92052,,,三星回旋飞镖塔蓝宝石,16,3,112031,112032,3048,3049,1,18,0,,,,30,1,18,4,Fire_point_1,BodyPoint,3,2,1,1,80,"弧线对应的角度,角度制","2,5,2",子弹大小,,,,
92053,,,三星回旋飞镖塔蓝宝石,16,3,112031,112032,3048,3049,1,18,0,,,,30,1,18,4,Fire_point_1,BodyPoint,3,2,1,1,80,"弧线对应的角度,角度制","2,5,2",子弹大小,,,,
1100011,,,一星霰弹塔,8,0,0,110002,3021,3022,1,110001,0,,,,0,1,20,4,Fire_Point_1,BodyPoint,0,1,0,1,60,"扇形角度,角度制",-1,"扇形半径,小于0表示取角色攻击范围为半径",1,持续时间,,
1100012,,,一星霰弹塔,8,0,0,110002,3021,3022,1,110001,0,,,,0,1,20,4,Fire_Point_2,BodyPoint,0,1,0,1,60,"扇形角度,角度制",-1,"扇形半径,小于0表示取角色攻击范围为半径",1,持续时间,,
1100021,,,一星霰弹塔紫宝石,8,4,0,110042,3021,3022,1,110041,0,,,,24,1,20,4,Fire_Point_1,BodyPoint,0,1,0,1,60,"扇形角度,角度制",-1,"扇形半径,小于0表示取角色攻击范围为半径",1,持续时间,,
1100022,,,一星霰弹塔紫宝石,8,4,0,110042,3021,3022,1,110041,0,,,,24,1,20,4,Fire_Point_2,BodyPoint,0,1,0,1,60,"扇形角度,角度制",-1,"扇形半径,小于0表示取角色攻击范围为半径",1,持续时间,,
1100031,,,一星霰弹塔红宝石,8,2,0,110012,3021,3022,1,110011,0,,,,24,1,20,4,Fire_Point_1,BodyPoint,0,1,0,1,60,"扇形角度,角度制",-1,"扇形半径,小于0表示取角色攻击范围为半径",1,持续时间,,
1100032,,,一星霰弹塔红宝石,8,2,0,110012,3021,3022,1,110011,0,,,,24,1,20,4,Fire_Point_2,BodyPoint,0,1,0,1,60,"扇形角度,角度制",-1,"扇形半径,小于0表示取角色攻击范围为半径",1,持续时间,,
1100041,,,一星霰弹塔绿宝石,8,5,0,110022,3021,3022,1,110021,0,,,,24,1,20,4,Fire_Point_1,BodyPoint,0,1,0,1,60,"扇形角度,角度制",-1,"扇形半径,小于0表示取角色攻击范围为半径",1,持续时间,,
1100042,,,一星霰弹塔绿宝石,8,5,0,110022,3021,3022,1,110021,0,,,,24,1,20,4,Fire_Point_2,BodyPoint,0,1,0,1,60,"扇形角度,角度制",-1,"扇形半径,小于0表示取角色攻击范围为半径",1,持续时间,,
1100051,,,一星霰弹塔蓝宝石,8,3,0,110032,3021,3022,1,110031,0,,,,24,1,20,4,Fire_Point_1,BodyPoint,0,1,0,1,60,"扇形角度,角度制",-1,"扇形半径,小于0表示取角色攻击范围为半径",1,持续时间,,
1100052,,,一星霰弹塔蓝宝石,8,3,0,110032,3021,3022,1,110031,0,,,,24,1,20,4,Fire_Point_2,BodyPoint,0,1,0,1,60,"扇形角度,角度制",-1,"扇形半径,小于0表示取角色攻击范围为半径",1,持续时间,,
1101011,,,二星霰弹塔,8,0,0,110002,3021,3022,1,110101,0,,,,0,1,20,4,Fire_Point_1,BodyPoint,0,1,0,1,60,"扇形角度,角度制",-1,"扇形半径,小于0表示取角色攻击范围为半径",1,持续时间,,
1101012,,,二星霰弹塔,8,0,0,110002,3021,3022,1,110101,0,,,,0,1,20,4,Fire_Point_2,BodyPoint,0,1,0,1,60,"扇形角度,角度制",-1,"扇形半径,小于0表示取角色攻击范围为半径",1,持续时间,,
1101021,,,二星霰弹塔紫宝石,8,4,0,110042,3021,3022,1,110041,0,,,,60,1,20,4,Fire_Point_1,BodyPoint,0,1,0,1,60,"扇形角度,角度制",-1,"扇形半径,小于0表示取角色攻击范围为半径",1,持续时间,,
1101022,,,二星霰弹塔紫宝石,8,4,0,110042,3021,3022,1,110041,0,,,,60,1,20,4,Fire_Point_2,BodyPoint,0,1,0,1,60,"扇形角度,角度制",-1,"扇形半径,小于0表示取角色攻击范围为半径",1,持续时间,,
1101031,,,二星霰弹塔红宝石,8,2,0,110012,3021,3022,1,110011,0,,,,60,1,20,4,Fire_Point_1,BodyPoint,0,1,0,1,60,"扇形角度,角度制",-1,"扇形半径,小于0表示取角色攻击范围为半径",1,持续时间,,
1101032,,,二星霰弹塔红宝石,8,2,0,110012,3021,3022,1,110011,0,,,,60,1,20,4,Fire_Point_2,BodyPoint,0,1,0,1,60,"扇形角度,角度制",-1,"扇形半径,小于0表示取角色攻击范围为半径",1,持续时间,,
1101041,,,二星霰弹塔绿宝石,8,5,0,110022,3021,3022,1,110021,0,,,,60,1,20,4,Fire_Point_1,BodyPoint,0,1,0,1,60,"扇形角度,角度制",-1,"扇形半径,小于0表示取角色攻击范围为半径",1,持续时间,,
1101042,,,二星霰弹塔绿宝石,8,5,0,110022,3021,3022,1,110021,0,,,,60,1,20,4,Fire_Point_2,BodyPoint,0,1,0,1,60,"扇形角度,角度制",-1,"扇形半径,小于0表示取角色攻击范围为半径",1,持续时间,,
1101051,,,二星霰弹塔蓝宝石,8,3,0,110032,3021,3022,1,110031,0,,,,60,1,20,4,Fire_Point_1,BodyPoint,0,1,0,1,60,"扇形角度,角度制",-1,"扇形半径,小于0表示取角色攻击范围为半径",1,持续时间,,
1101052,,,二星霰弹塔蓝宝石,8,3,0,110032,3021,3022,1,110031,0,,,,60,1,20,4,Fire_Point_2,BodyPoint,0,1,0,1,60,"扇形角度,角度制",-1,"扇形半径,小于0表示取角色攻击范围为半径",1,持续时间,,
1102011,,,三星霰弹塔,8,0,0,110002,3021,3022,1,110201,0,,,,0,1,20,4,Fire_Point_1,BodyPoint,0,1,0,1,60,"扇形角度,角度制",-1,"扇形半径,小于0表示取角色攻击范围为半径",1,持续时间,,
1102012,,,三星霰弹塔,8,0,0,110002,3021,3022,1,110201,0,,,,0,1,20,4,Fire_Point_2,BodyPoint,0,1,0,1,60,"扇形角度,角度制",-1,"扇形半径,小于0表示取角色攻击范围为半径",1,持续时间,,
1102021,,,三星霰弹塔紫宝石,8,4,0,110042,3021,3022,1,110041,0,,,,90,1,20,4,Fire_Point_1,BodyPoint,0,1,0,1,60,"扇形角度,角度制",-1,"扇形半径,小于0表示取角色攻击范围为半径",1,持续时间,,
1102022,,,三星霰弹塔紫宝石,8,4,0,110042,3021,3022,1,110041,0,,,,90,1,20,4,Fire_Point_2,BodyPoint,0,1,0,1,60,"扇形角度,角度制",-1,"扇形半径,小于0表示取角色攻击范围为半径",1,持续时间,,
1102031,,,三星霰弹塔红宝石,8,2,0,110012,3021,3022,1,110011,0,,,,90,1,20,4,Fire_Point_1,BodyPoint,0,1,0,1,60,"扇形角度,角度制",-1,"扇形半径,小于0表示取角色攻击范围为半径",1,持续时间,,
1102032,,,三星霰弹塔红宝石,8,2,0,110012,3021,3022,1,110011,0,,,,90,1,20,4,Fire_Point_2,BodyPoint,0,1,0,1,60,"扇形角度,角度制",-1,"扇形半径,小于0表示取角色攻击范围为半径",1,持续时间,,
1102041,,,三星霰弹塔绿宝石,8,5,0,110022,3021,3022,1,110021,0,,,,90,1,20,4,Fire_Point_1,BodyPoint,0,1,0,1,60,"扇形角度,角度制",-1,"扇形半径,小于0表示取角色攻击范围为半径",1,持续时间,,
1102042,,,三星霰弹塔绿宝石,8,5,0,110022,3021,3022,1,110021,0,,,,90,1,20,4,Fire_Point_2,BodyPoint,0,1,0,1,60,"扇形角度,角度制",-1,"扇形半径,小于0表示取角色攻击范围为半径",1,持续时间,,
1102051,,,三星霰弹塔蓝宝石,8,3,0,110032,3021,3022,1,110031,0,,,,90,1,20,4,Fire_Point_1,BodyPoint,0,1,0,1,60,"扇形角度,角度制",-1,"扇形半径,小于0表示取角色攻击范围为半径",1,持续时间,,
1102052,,,三星霰弹塔蓝宝石,8,3,0,110032,3021,3022,1,110031,0,,,,90,1,20,4,Fire_Point_2,BodyPoint,0,1,0,1,60,"扇形角度,角度制",-1,"扇形半径,小于0表示取角色攻击范围为半径",1,持续时间,,
110011,,,一星天空之矛,2,0,111001,111002,3006,3007,1,4,0,,,,0,1,24,4,Fire_point,BodyPoint,0,2,1,1,2.5,抛物线最高高度,0,爆炸范围,,,,
110021,,,一星天空之矛紫宝石,2,4,111041,111042,3006,3007,1,20,0,,,,30,1,24,4,Fire_point,BodyPoint,0,2,1,1,2.5,抛物线最高高度,0,爆炸范围,,,,
110031,,,一星天空之矛红宝石,2,2,111011,111012,3006,3007,1,21,0,,,,30,1,24,4,Fire_point,BodyPoint,0,2,1,1,2.5,抛物线最高高度,0,爆炸范围,,,,
110041,,,一星天空之矛绿宝石,2,5,111021,111022,3006,3007,1,19,0,,,,30,1,24,4,Fire_point,BodyPoint,0,2,1,1,2.5,抛物线最高高度,0,爆炸范围,,,,
110051,,,一星天空之矛蓝宝石,2,3,111031,111032,3006,3007,1,18,0,,,,30,1,24,4,Fire_point,BodyPoint,0,2,1,1,2.5,抛物线最高高度,0,爆炸范围,,,,
111011,,,二星天空之矛,2,0,111101,111002,3006,3007,1,4,0,,,,0,1,24,4,Fire_point,BodyPoint,0,2,1,1,2.5,抛物线最高高度,0,爆炸范围,,,,
111021,,,二星天空之矛紫宝石,2,4,111041,111042,3006,3007,1,20,0,,,,50,1,24,4,Fire_point,BodyPoint,0,2,1,1,2.5,抛物线最高高度,0,爆炸范围,,,,
111031,,,二星天空之矛红宝石,2,2,111011,111012,3006,3007,1,21,0,,,,50,1,24,4,Fire_point,BodyPoint,0,2,1,1,2.5,抛物线最高高度,0,爆炸范围,,,,
111041,,,二星天空之矛绿宝石,2,5,111021,111022,3006,3007,1,19,0,,,,50,1,24,4,Fire_point,BodyPoint,0,2,1,1,2.5,抛物线最高高度,0,爆炸范围,,,,
111051,,,二星天空之矛蓝宝石,2,3,111031,111032,3006,3007,1,18,0,,,,50,1,24,4,Fire_point,BodyPoint,0,2,1,1,2.5,抛物线最高高度,0,爆炸范围,,,,
112011,,,三星天空之矛,2,0,111201,111002,3006,3007,1,4,0,,,,0,1,24,4,Fire_point,BodyPoint,0,2,1,1,2.5,抛物线最高高度,0,爆炸范围,,,,
112021,,,三星天空之矛紫宝石,2,4,111041,111042,3006,3007,1,20,0,,,,80,1,24,4,Fire_point,BodyPoint,0,2,1,1,2.5,抛物线最高高度,0,爆炸范围,,,,
112031,,,三星天空之矛红宝石,2,2,111011,111012,3006,3007,1,21,0,,,,80,1,24,4,Fire_point,BodyPoint,0,2,1,1,2.5,抛物线最高高度,0,爆炸范围,,,,
112041,,,三星天空之矛绿宝石,2,5,111021,111022,3006,3007,1,19,0,,,,80,1,24,4,Fire_point,BodyPoint,0,2,1,1,2.5,抛物线最高高度,0,爆炸范围,,,,
112051,,,三星天空之矛蓝宝石,2,3,111031,111032,3006,3007,1,18,0,,,,80,1,24,4,Fire_point,BodyPoint,0,2,1,1,2.5,抛物线最高高度,0,爆炸范围,,,,
120011,,,一星飞镖发射器,15,0,112001,112002,3009,3010,1,4,0,,,,0,1,20,4,Fire_point_1,BodyPoint,0,1,1,1,0,弹跳次数,-1,弹跳范围(小于0取塔范围),1,每次弹跳的伤害衰减(1不衰减),,
120012,,,一星飞镖发射器,15,0,112001,112002,3009,3010,1,4,0,,,,0,1,20,4,Fire_point_2,BodyPoint,0,1,1,1,0,弹跳次数,-1,弹跳范围(小于0取塔范围),1,每次弹跳的伤害衰减(1不衰减),,
120021,,,一星飞镖发射器紫宝石,15,4,112041,112042,3009,3010,1,20,0,,,,10,1,20,4,Fire_point_1,BodyPoint,0,1,1,1,0,弹跳次数,-1,弹跳范围(小于0取塔范围),1,每次弹跳的伤害衰减(1不衰减),,
120022,,,一星飞镖发射器紫宝石,15,4,112041,112042,3009,3010,1,20,0,,,,10,1,20,4,Fire_point_2,BodyPoint,0,1,1,1,0,弹跳次数,-1,弹跳范围(小于0取塔范围),1,每次弹跳的伤害衰减(1不衰减),,
120031,,,一星飞镖发射器红宝石,15,2,112011,112012,3009,3010,1,21,0,,,,10,1,20,4,Fire_point_1,BodyPoint,0,1,1,1,0,弹跳次数,-1,弹跳范围(小于0取塔范围),1,每次弹跳的伤害衰减(1不衰减),,
120032,,,一星飞镖发射器红宝石,15,2,112011,112012,3009,3010,1,21,0,,,,10,1,20,4,Fire_point_2,BodyPoint,0,1,1,1,0,弹跳次数,-1,弹跳范围(小于0取塔范围),1,每次弹跳的伤害衰减(1不衰减),,
120041,,,一星飞镖发射器绿宝石,15,5,112021,112022,3009,3010,1,19,0,,,,10,1,20,4,Fire_point_1,BodyPoint,0,1,1,1,0,弹跳次数,-1,弹跳范围(小于0取塔范围),1,每次弹跳的伤害衰减(1不衰减),,
120042,,,一星飞镖发射器绿宝石,15,5,112021,112022,3009,3010,1,19,0,,,,10,1,20,4,Fire_point_2,BodyPoint,0,1,1,1,0,弹跳次数,-1,弹跳范围(小于0取塔范围),1,每次弹跳的伤害衰减(1不衰减),,
120051,,,一星飞镖发射器蓝宝石,15,3,112031,112032,3009,3010,1,18,0,,,,10,1,20,4,Fire_point_1,BodyPoint,0,1,1,1,0,弹跳次数,-1,弹跳范围(小于0取塔范围),1,每次弹跳的伤害衰减(1不衰减),,
120052,,,一星飞镖发射器蓝宝石,15,3,112031,112032,3009,3010,1,18,0,,,,10,1,20,4,Fire_point_2,BodyPoint,0,1,1,1,0,弹跳次数,-1,弹跳范围(小于0取塔范围),1,每次弹跳的伤害衰减(1不衰减),,
121011,,,二星飞镖发射器,15,0,112101,112002,3009,3010,1,4,0,,,,0,1,20,4,Fire_point_1,BodyPoint,0,1,1,1,0,弹跳次数,-1,弹跳范围(小于0取塔范围),1,每次弹跳的伤害衰减(1不衰减),,
121012,,,二星飞镖发射器,15,0,112101,112002,3009,3010,1,4,0,,,,0,1,20,4,Fire_point_2,BodyPoint,0,1,1,1,0,弹跳次数,-1,弹跳范围(小于0取塔范围),1,每次弹跳的伤害衰减(1不衰减),,
121021,,,二星飞镖发射器紫宝石,15,4,112041,112042,3009,3010,1,20,0,,,,22,1,20,4,Fire_point_1,BodyPoint,0,1,1,1,0,弹跳次数,-1,弹跳范围(小于0取塔范围),1,每次弹跳的伤害衰减(1不衰减),,
121022,,,二星飞镖发射器紫宝石,15,4,112041,112042,3009,3010,1,20,0,,,,22,1,20,4,Fire_point_2,BodyPoint,0,1,1,1,0,弹跳次数,-1,弹跳范围(小于0取塔范围),1,每次弹跳的伤害衰减(1不衰减),,
121031,,,二星飞镖发射器红宝石,15,2,112011,112012,3009,3010,1,21,0,,,,22,1,20,4,Fire_point_1,BodyPoint,0,1,1,1,0,弹跳次数,-1,弹跳范围(小于0取塔范围),1,每次弹跳的伤害衰减(1不衰减),,
121032,,,二星飞镖发射器红宝石,15,2,112011,112012,3009,3010,1,21,0,,,,22,1,20,4,Fire_point_2,BodyPoint,0,1,1,1,0,弹跳次数,-1,弹跳范围(小于0取塔范围),1,每次弹跳的伤害衰减(1不衰减),,
121041,,,二星飞镖发射器绿宝石,15,5,112021,112022,3009,3010,1,19,0,,,,22,1,20,4,Fire_point_1,BodyPoint,0,1,1,1,0,弹跳次数,-1,弹跳范围(小于0取塔范围),1,每次弹跳的伤害衰减(1不衰减),,
121042,,,二星飞镖发射器绿宝石,15,5,112021,112022,3009,3010,1,19,0,,,,22,1,20,4,Fire_point_2,BodyPoint,0,1,1,1,0,弹跳次数,-1,弹跳范围(小于0取塔范围),1,每次弹跳的伤害衰减(1不衰减),,
121051,,,二星飞镖发射器蓝宝石,15,3,112031,112032,3009,3010,1,18,0,,,,22,1,20,4,Fire_point_1,BodyPoint,0,1,1,1,0,弹跳次数,-1,弹跳范围(小于0取塔范围),1,每次弹跳的伤害衰减(1不衰减),,
121052,,,二星飞镖发射器蓝宝石,15,3,112031,112032,3009,3010,1,18,0,,,,22,1,20,4,Fire_point_2,BodyPoint,0,1,1,1,0,弹跳次数,-1,弹跳范围(小于0取塔范围),1,每次弹跳的伤害衰减(1不衰减),,
122011,,,三星飞镖发射器,15,0,112201,112002,3009,3010,1,4,0,,,,0,1,20,4,Fire_point_1,BodyPoint,0,1,1,1,0,弹跳次数,-1,弹跳范围(小于0取塔范围),1,每次弹跳的伤害衰减(1不衰减),,
122012,,,三星飞镖发射器,15,0,112201,112002,3009,3010,1,4,0,,,,0,1,20,4,Fire_point_2,BodyPoint,0,1,1,1,0,弹跳次数,-1,弹跳范围(小于0取塔范围),1,每次弹跳的伤害衰减(1不衰减),,
122021,,,三星飞镖发射器紫宝石,15,4,112041,112042,3009,3010,1,20,0,,,,41,1,20,4,Fire_point_1,BodyPoint,0,1,1,1,0,弹跳次数,-1,弹跳范围(小于0取塔范围),1,每次弹跳的伤害衰减(1不衰减),,
122022,,,三星飞镖发射器紫宝石,15,4,112041,112042,3009,3010,1,20,0,,,,41,1,20,4,Fire_point_2,BodyPoint,0,1,1,1,0,弹跳次数,-1,弹跳范围(小于0取塔范围),1,每次弹跳的伤害衰减(1不衰减),,
122031,,,三星飞镖发射器红宝石,15,2,112011,112012,3009,3010,1,21,0,,,,41,1,20,4,Fire_point_1,BodyPoint,0,1,1,1,0,弹跳次数,-1,弹跳范围(小于0取塔范围),1,每次弹跳的伤害衰减(1不衰减),,
122032,,,三星飞镖发射器红宝石,15,2,112011,112012,3009,3010,1,21,0,,,,41,1,20,4,Fire_point_2,BodyPoint,0,1,1,1,0,弹跳次数,-1,弹跳范围(小于0取塔范围),1,每次弹跳的伤害衰减(1不衰减),,
122041,,,三星飞镖发射器绿宝石,15,5,112021,112022,3009,3010,1,19,0,,,,41,1,20,4,Fire_point_1,BodyPoint,0,1,1,1,0,弹跳次数,-1,弹跳范围(小于0取塔范围),1,每次弹跳的伤害衰减(1不衰减),,
122042,,,三星飞镖发射器绿宝石,15,5,112021,112022,3009,3010,1,19,0,,,,41,1,20,4,Fire_point_2,BodyPoint,0,1,1,1,0,弹跳次数,-1,弹跳范围(小于0取塔范围),1,每次弹跳的伤害衰减(1不衰减),,
122051,,,三星飞镖发射器蓝宝石,15,3,112031,112032,3009,3010,1,18,0,,,,41,1,20,4,Fire_point_1,BodyPoint,0,1,1,1,0,弹跳次数,-1,弹跳范围(小于0取塔范围),1,每次弹跳的伤害衰减(1不衰减),,
122052,,,三星飞镖发射器蓝宝石,15,3,112031,112032,3009,3010,1,18,0,,,,41,1,20,4,Fire_point_2,BodyPoint,0,1,1,1,0,弹跳次数,-1,弹跳范围(小于0取塔范围),1,每次弹跳的伤害衰减(1不衰减),,
130011,,,一星气球炸弹塔,11,5,113001,113002,3018,3019,1,0,0,,,,0,1,8,4,Fire_point,BodyPoint,0,2,0,1,1.5,升空高度,1,靠近范围,7,爆炸范围,,
130021,,,一星气球炸弹塔紫宝石,11,4,113041,113042,3018,3019,1,0,0,,,,40,1,8,4,Fire_point,BodyPoint,0,2,0,1,1.5,升空高度,1,靠近范围,7,爆炸范围,,
130031,,,一星气球炸弹塔红宝石,11,2,113011,113012,3018,3019,1,0,0,,,,40,1,8,4,Fire_point,BodyPoint,0,2,0,1,1.5,升空高度,1,靠近范围,7,爆炸范围,,
130041,,,一星气球炸弹塔绿宝石,11,5,113021,113022,3018,3019,1,0,0,,,,40,1,8,4,Fire_point,BodyPoint,0,2,0,1,1.5,升空高度,1,靠近范围,7,爆炸范围,,
130051,,,一星气球炸弹塔蓝宝石,11,3,113031,113032,3018,3019,1,0,0,,,,40,1,8,4,Fire_point,BodyPoint,0,2,0,1,1.5,升空高度,1,靠近范围,7,爆炸范围,,
131011,,,二星气球炸弹塔,11,5,113101,113002,3018,3019,1,0,0,,,,0,1,8,4,Fire_point,BodyPoint,0,2,0,1,1.5,升空高度,1,靠近范围,7,爆炸范围,,
131021,,,二星气球炸弹塔紫宝石,11,4,113141,113042,3018,3019,1,0,0,,,,60,1,8,4,Fire_point,BodyPoint,0,2,0,1,1.5,升空高度,1,靠近范围,7,爆炸范围,,
131031,,,二星气球炸弹塔红宝石,11,2,113111,113012,3018,3019,1,0,0,,,,60,1,8,4,Fire_point,BodyPoint,0,2,0,1,1.5,升空高度,1,靠近范围,7,爆炸范围,,
131041,,,二星气球炸弹塔绿宝石,11,5,113121,113022,3018,3019,1,0,0,,,,60,1,8,4,Fire_point,BodyPoint,0,2,0,1,1.5,升空高度,1,靠近范围,7,爆炸范围,,
131051,,,二星气球炸弹塔蓝宝石,11,3,113131,113032,3018,3019,1,0,0,,,,60,1,8,4,Fire_point,BodyPoint,0,2,0,1,1.5,升空高度,1,靠近范围,7,爆炸范围,,
132011,,,三星气球炸弹塔,11,5,113201,113002,3018,3019,1,0,0,,,,0,1,8,4,Fire_point,BodyPoint,0,2,0,1,1.5,升空高度,1,靠近范围,7,爆炸范围,,
132021,,,三星气球炸弹塔紫宝石,11,4,113241,113042,3018,3019,1,0,0,,,,85,1,8,4,Fire_point,BodyPoint,0,2,0,1,1.5,升空高度,1,靠近范围,7,爆炸范围,,
132031,,,三星气球炸弹塔红宝石,11,2,113211,113012,3018,3019,1,0,0,,,,85,1,8,4,Fire_point,BodyPoint,0,2,0,1,1.5,升空高度,1,靠近范围,7,爆炸范围,,
132041,,,三星气球炸弹塔绿宝石,11,5,113221,113022,3018,3019,1,0,0,,,,85,1,8,4,Fire_point,BodyPoint,0,2,0,1,1.5,升空高度,1,靠近范围,7,爆炸范围,,
132051,,,三星气球炸弹塔蓝宝石,11,3,113231,113032,3018,3019,1,0,0,,,,85,1,8,4,Fire_point,BodyPoint,0,2,0,1,1.5,升空高度,1,靠近范围,7,爆炸范围,,
140011,,,一星电磁震荡塔,13,4,114001,114002,3030,3031,1,0,0,,,,0,1,140,4,Fire_point_1,BodyPoint,0,1,1,1,1.5,爆炸范围,"2,2,2",子弹大小,,,,
140021,,,一星电磁震荡塔紫宝石,13,4,114041,114042,3030,3031,1,0,0,,,,34,1,140,4,Fire_point_1,BodyPoint,0,1,1,1,1.5,爆炸范围,"2,2,2",子弹大小,,,,
140031,,,一星电磁震荡塔红宝石,13,2,114011,114012,3030,3031,1,0,0,,,,34,1,140,4,Fire_point_1,BodyPoint,0,1,1,1,1.5,爆炸范围,"2,2,2",子弹大小,,,,
140041,,,一星电磁震荡塔绿宝石,13,5,114021,114022,3030,3031,1,0,0,,,,34,1,140,4,Fire_point_1,BodyPoint,0,1,1,1,1.5,爆炸范围,"2,2,2",子弹大小,,,,
140051,,,一星电磁震荡塔蓝宝石,13,3,114031,114032,3030,3031,1,0,0,,,,34,1,140,4,Fire_point_1,BodyPoint,0,1,1,1,1.5,爆炸范围,"2,2,2",子弹大小,,,,
141011,,,二星电磁震荡塔,13,4,114101,114002,3030,3031,1,0,0,,,,0,1,140,4,Fire_point_1,BodyPoint,0,1,1,1,1.5,爆炸范围,"2,2,2",子弹大小,,,,
141021,,,二星电磁震荡塔紫宝石,13,4,114041,114042,3030,3031,1,0,0,,,,58,1,140,4,Fire_point_1,BodyPoint,0,1,1,1,1.5,爆炸范围,"2,2,2",子弹大小,,,,
141031,,,二星电磁震荡塔红宝石,13,2,114011,114012,3030,3031,1,0,0,,,,58,1,140,4,Fire_point_1,BodyPoint,0,1,1,1,1.5,爆炸范围,"2,2,2",子弹大小,,,,
141041,,,二星电磁震荡塔绿宝石,13,5,114021,114022,3030,3031,1,0,0,,,,58,1,140,4,Fire_point_1,BodyPoint,0,1,1,1,1.5,爆炸范围,"2,2,2",子弹大小,,,,
141051,,,二星电磁震荡塔蓝宝石,13,3,114031,114032,3030,3031,1,0,0,,,,58,1,140,4,Fire_point_1,BodyPoint,0,1,1,1,1.5,爆炸范围,"2,2,2",子弹大小,,,,
142011,,,三星电磁震荡塔,13,4,114201,114002,3030,3031,1,0,0,,,,0,1,140,4,Fire_point_1,BodyPoint,0,1,1,1,1.5,爆炸范围,"2,2,2",子弹大小,,,,
142021,,,三星电磁震荡塔紫宝石,13,4,114041,114042,3030,3031,1,0,0,,,,97,1,140,4,Fire_point_1,BodyPoint,0,1,1,1,1.5,爆炸范围,"2,2,2",子弹大小,,,,
142031,,,三星电磁震荡塔红宝石,13,2,114011,114012,3030,3031,1,0,0,,,,97,1,140,4,Fire_point_1,BodyPoint,0,1,1,1,1.5,爆炸范围,"2,2,2",子弹大小,,,,
142041,,,三星电磁震荡塔绿宝石,13,5,114021,114022,3030,3031,1,0,0,,,,97,1,140,4,Fire_point_1,BodyPoint,0,1,1,1,1.5,爆炸范围,"2,2,2",子弹大小,,,,
142051,,,三星电磁震荡塔蓝宝石,13,3,114031,114032,3030,3031,1,0,0,,,,97,1,140,4,Fire_point_1,BodyPoint,0,1,1,1,1.5,爆炸范围,"2,2,2",子弹大小,,,,
150011,,,一星风刃发射器,6,3,115001,115002,3033,3034,1,6,0,,,,0,1,22,4,Fire_Point_1,BodyPoint,0,1,0,1,1,是否只碰撞怪物,0,在第一次命中后就爆炸,0,是否可以对一个目标重复产生伤害,1000,子弹类型为6时，子弹的穿透值，拿怪物属性里的阻挡值来抵消，计算子弹可穿透的怪物数量
150021,,,一星风刃发射器紫宝石,6,4,115041,115042,3033,3034,1,20,0,,,,29,1,22,4,Fire_Point_1,BodyPoint,0,1,0,1,1,是否只碰撞怪物,0,在第一次命中后就爆炸,0,是否可以对一个目标重复产生伤害,1000,子弹类型为6时，子弹的穿透值，拿怪物属性里的阻挡值来抵消，计算子弹可穿透的怪物数量
150031,,,一星风刃发射器红宝石,6,2,115011,115012,3033,3034,1,21,0,,,,29,1,22,4,Fire_Point_1,BodyPoint,0,1,0,1,1,是否只碰撞怪物,0,在第一次命中后就爆炸,0,是否可以对一个目标重复产生伤害,1000,子弹类型为6时，子弹的穿透值，拿怪物属性里的阻挡值来抵消，计算子弹可穿透的怪物数量
150041,,,一星风刃发射器绿宝石,6,5,115021,115022,3033,3034,1,19,0,,,,29,1,22,4,Fire_Point_1,BodyPoint,0,1,0,1,1,是否只碰撞怪物,0,在第一次命中后就爆炸,0,是否可以对一个目标重复产生伤害,1000,子弹类型为6时，子弹的穿透值，拿怪物属性里的阻挡值来抵消，计算子弹可穿透的怪物数量
150051,,,一星风刃发射器蓝宝石,6,3,115031,115032,3033,3034,1,18,0,,,,29,1,22,4,Fire_Point_1,BodyPoint,0,1,0,1,1,是否只碰撞怪物,0,在第一次命中后就爆炸,0,是否可以对一个目标重复产生伤害,1000,子弹类型为6时，子弹的穿透值，拿怪物属性里的阻挡值来抵消，计算子弹可穿透的怪物数量
151011,,,二星风刃发射器,6,3,115101,115002,3033,3034,1,6,0,,,,0,1,22,4,Fire_Point_1,BodyPoint,0,1,0,1,1,是否只碰撞怪物,0,在第一次命中后就爆炸,0,是否可以对一个目标重复产生伤害,1000,子弹类型为6时，子弹的穿透值，拿怪物属性里的阻挡值来抵消，计算子弹可穿透的怪物数量
151021,,,二星风刃发射器紫宝石,6,4,115041,115042,3033,3034,1,20,0,,,,54,1,22,4,Fire_Point_1,BodyPoint,0,1,0,1,1,是否只碰撞怪物,0,在第一次命中后就爆炸,0,是否可以对一个目标重复产生伤害,1000,子弹类型为6时，子弹的穿透值，拿怪物属性里的阻挡值来抵消，计算子弹可穿透的怪物数量
151031,,,二星风刃发射器红宝石,6,2,115011,115012,3033,3034,1,21,0,,,,54,1,22,4,Fire_Point_1,BodyPoint,0,1,0,1,1,是否只碰撞怪物,0,在第一次命中后就爆炸,0,是否可以对一个目标重复产生伤害,1000,子弹类型为6时，子弹的穿透值，拿怪物属性里的阻挡值来抵消，计算子弹可穿透的怪物数量
151041,,,二星风刃发射器绿宝石,6,5,115021,115022,3033,3034,1,19,0,,,,54,1,22,4,Fire_Point_1,BodyPoint,0,1,0,1,1,是否只碰撞怪物,0,在第一次命中后就爆炸,0,是否可以对一个目标重复产生伤害,1000,子弹类型为6时，子弹的穿透值，拿怪物属性里的阻挡值来抵消，计算子弹可穿透的怪物数量
151051,,,二星风刃发射器蓝宝石,6,3,115031,115032,3033,3034,1,18,0,,,,54,1,22,4,Fire_Point_1,BodyPoint,0,1,0,1,1,是否只碰撞怪物,0,在第一次命中后就爆炸,0,是否可以对一个目标重复产生伤害,1000,子弹类型为6时，子弹的穿透值，拿怪物属性里的阻挡值来抵消，计算子弹可穿透的怪物数量
152011,,,三星风刃发射器,6,3,115201,115002,3033,3034,1,6,0,,,,0,1,22,4,Fire_Point_1,BodyPoint,0,1,0,1,1,是否只碰撞怪物,0,在第一次命中后就爆炸,0,是否可以对一个目标重复产生伤害,1000,子弹类型为6时，子弹的穿透值，拿怪物属性里的阻挡值来抵消，计算子弹可穿透的怪物数量
152021,,,三星风刃发射器紫宝石,6,4,115041,115042,3033,3034,1,20,0,,,,101,1,22,4,Fire_Point_1,BodyPoint,0,1,0,1,1,是否只碰撞怪物,0,在第一次命中后就爆炸,0,是否可以对一个目标重复产生伤害,1000,子弹类型为6时，子弹的穿透值，拿怪物属性里的阻挡值来抵消，计算子弹可穿透的怪物数量
152031,,,三星风刃发射器红宝石,6,2,115011,115012,3033,3034,1,21,0,,,,101,1,22,4,Fire_Point_1,BodyPoint,0,1,0,1,1,是否只碰撞怪物,0,在第一次命中后就爆炸,0,是否可以对一个目标重复产生伤害,1000,子弹类型为6时，子弹的穿透值，拿怪物属性里的阻挡值来抵消，计算子弹可穿透的怪物数量
152041,,,三星风刃发射器绿宝石,6,5,115021,115022,3033,3034,1,19,0,,,,101,1,22,4,Fire_Point_1,BodyPoint,0,1,0,1,1,是否只碰撞怪物,0,在第一次命中后就爆炸,0,是否可以对一个目标重复产生伤害,1000,子弹类型为6时，子弹的穿透值，拿怪物属性里的阻挡值来抵消，计算子弹可穿透的怪物数量
152051,,,三星风刃发射器蓝宝石,6,3,115031,115032,3033,3034,1,18,0,,,,101,1,22,4,Fire_Point_1,BodyPoint,0,1,0,1,1,是否只碰撞怪物,0,在第一次命中后就爆炸,0,是否可以对一个目标重复产生伤害,1000,子弹类型为6时，子弹的穿透值，拿怪物属性里的阻挡值来抵消，计算子弹可穿透的怪物数量
