TowerTalent表格,,,,,,,,,,,,
Both,,,,,,,,,,,,
ID,VariableName,VariableComment,Name,SimpleDescription,Description,Buff,Icon,TowerType,IsPowerful,MaxSelectCount,PreTalent,MutexTalent
int,string,string,string,string,string,Vector<int>,string,TOWER_TYPE(byte),bool,int,Vector<Vector2Int>,Vector<int>
Both,None,None,Both,Both,Both,Both,Both,Both,Both,Both,Both,Both
唯一ID,生成的变量名,注释,天赋名,天赋简单描述,天赋描述,携带的buffID,图标名字,关联的防御塔,是否为强力特性,可选择的最大次数,前置词条,互斥词条
,,,,,,BuffDetail,,,,,,TowerTalent
,,,,,,,,,,,,
,,,,,,,,,,,,
1,,,火力强化,十字弓伤害增加,{0}伤害+{1}%,7000,Harm,1,0,3,,
2,,,速射,十字弓攻速增加,{0}攻速+{1}%,7002,CD,1,0,2,,
7,,,火力强化,防空飞弹塔伤害增加,{0}伤害+{1}%,7012,Harm,2,0,3,,
8,,,速射,防空飞弹塔攻速增加,{0}攻速+{1}%,7014,CD,2,0,2,,
17,,,火力强化,飞镖发射器伤害增加,{0}伤害+{1}%,7032,Harm,13,0,3,,
18,,,速射,飞镖发射器攻速增加,{0}攻速+{1}%,7034,CD,13,0,2,,
3,,,火力强化,火炮塔伤害增加,{0}伤害+{1}%,7004,Harm,9,0,3,,
4,,,爆炸扩散,火炮塔攻速增加,{0}爆炸范围+{1}%,7006,AOE,9,0,2,,
15,,,火力强化,霰弹塔伤害增加,{0}伤害+{1}%,7028,Harm,11,0,3,,
16,,,速射,霰弹塔攻速增加,{0}攻速+{1}%,7030,CD,11,0,2,,
13,,,火力强化,回旋飞镖塔伤害增加,{0}伤害+{1}%,7024,Harm,10,0,3,,
14,,,速射,回旋飞镖塔攻速增加,{0}攻速+{1}%,7026,CD,10,0,2,,
5,,,火力强化,天空之矛伤害增加,{0}伤害+{1}%,7008,Harm,12,0,3,,
6,,,速射,天空之矛攻速增加,{0}攻速+{1}%,7010,CD,12,0,2,,
21,,,火力强化,电磁震荡塔伤害增加,{0}伤害+{1}%,7040,Harm,15,0,3,,
22,,,多多益善,电磁震荡塔能量球增加,{0}能量球数量+{1}个,7042,CD,15,0,2,,
23,,,火力强化,风刃发射器伤害增加,{0}伤害+{1}%,7044,Harm,16,0,3,,
24,,,速射,风刃发射器攻速增加,{0}攻速+{1}%,7046,CD,16,0,2,,
19,,,火力强化,气球炸弹塔伤害增加,{0}伤害+{1}%,7036,Harm,14,0,3,,
20,,,速射,气球炸弹塔攻速增加,{0}爆炸范围+{1}%,7038,CD,14,0,2,,
9,,,投石机伤害增加,投石机伤害增加,伤害+{1}%,7016,Harm,3,0,3,,
10,,,投石机爆炸范围增加,投石机爆炸范围增加,爆炸范围+{1}%,7018,AOE,3,0,2,,
11,,,镶嵌塔伤害增加,镶嵌塔伤害增加,伤害+{1}%,7020,Harm,4,0,3,,
12,,,镶嵌塔攻击间隔减少,镶嵌塔攻速增加,攻速+{1}%,7022,CD,4,0,2,,
25,,,连击强化,十字弓几率连续攻击2次,{0}攻击时有{1}%的几率连续攻击2次,7048,Powerful,1,1,1,"1,1",
26,,,多重射击,十字弓攻击造成一次范围伤害,{0}每次攻击后会造成范围伤害,7051,Powerful,1,1,1,"25,1|27,1",
27,,,致命一击,十字弓攻击数次后暴击一次,{0}每攻击{1}次后下一击必定暴击,7054,Powerful,1,1,1,,
28,,,鼓舞,十字弓佣兵数量提升攻速,{0}每攻击{1}次后下一击必定暴击,7054,Powerful,1,1,1,"2,1",
29,,,先发制人,十字弓前5波伤害增加,{0}前{1}波伤害+{2}%,7060,Powerful,1,1,1,,
77,,,随机改造,十字弓杀数个敌人后变身其他塔,{0}击杀{1}个敌人后，随机变成一个同等级的其他防御塔,7183,Powerful,1,1,1,"1,3|2,2",
30,,,击退,防空飞弹塔几率击退,{0}命中敌人时有{1}%几率使敌人击退{2}格,7062,Powerful,2,1,1,,31
31,,,扩容,防空飞弹塔加子弹降攻速,{0}子弹数量+{1}，攻速-{2}%,7065,Powerful,2,1,2,"76,1",30
32,,,短距疾射,防空飞弹塔加攻速降射程,{0}攻速+{1}%，射程-{2}%,7068,Powerful,2,1,2,"8,1",
76,,,弹射子弹,防空飞弹塔加弹跳,{0}子弹的弹跳次数+{1}，弹跳伤害{2}%,7181,Powerful,2,1,1,"7,1",
33,,,激励,防空飞弹塔杀敌加攻击攻速,{0}击杀敌人时，攻击+{1}%，攻速+{2}%，持续{3}秒,7071,Powerful,2,1,1,"34,1",
34,,,火力全开,防空飞弹塔每秒加攻速,{0}每{1}秒攻速+{2}%，持续{3}秒,7075,Powerful,2,1,1,,
69,,,专注,飞镖发射器每攻击一次加攻击,{0}每次攻击提高攻击{2}%。上限{3}层，切换目标重置。攻击-{1}%,7165,Powerful,13,1,1,"17,1",
53,,,动力加速度,飞镖发射器每攻击一次加攻速,{0}每次攻击提升攻速{2}%，上限{3}层，若{4}秒未攻击则重置。攻速-{1}%,7125,Powerful,13,1,1,"18,1",
70,,,乱射,"飞镖发射器攻击提高,随机目标",{0}攻击+{1}%，但每次攻击将随机选择射程内目标,7167,Powerful,13,1,1,"69,1|53,1",
54,,,不稳定过载,飞镖发射器几率加暴击暴伤,每波开始，{0}有{1}%概率进入过载状态，暴击概率+{2}%，暴击伤害+{3}%；,7127,Powerful,13,1,1,"70,1",
71,,,落井下石,飞镖发射器有debuff的怪加伤害,{0}对处于异常状态下的单位造成的伤害+{1}%,7170,Powerful,13,1,1,,
89,,,弹射飞镖,飞镖发射器子弹弹跳,{0}子弹弹跳次数+{1}，伤害-{2}%,7331,Powerful,13,1,1,"69,1|17,2",
42,,,小型陨石,火炮塔加子弹减范围,{0}子弹数量+{1}，爆炸范围减少{2}%,7094,Powerful,9,1,2,,
43,,,火药节约,火炮塔加子弹减伤害,{0}子弹数量+{1}，造成的伤害-{2}%,7097,Powerful,9,1,2,"4,1",
78,,,梅开二度,火炮塔几率爆炸多次,{0}炮弹着陆时有{1}%概率多爆炸{2}次,7185,Powerful,9,1,1,"42,1|45,1",84
84,,,灼烧路面,火炮塔爆炸留下减速地面,{0}子弹爆炸后会留下一个减速{1}%的地面，持续{2}秒,7201,Powerful,9,1,1,"42,1|43,1",78
44,,,火力集群,火炮塔范围内有塔增加攻击,1格范围内，每有1个塔，{0}攻击+{1}%,7100,Powerful,9,1,1,"84,1",
45,,,势能集群,火炮塔范围内有塔增加攻速,1格范围内，每有1个塔，{0}攻速+{1}%,7102,Powerful,9,1,1,"44,1",
64,,,预备弹药,霰弹塔前几秒攻速提升,{0}波次开始的前{1}秒，攻速+{2}%,7154,Powerful,11,1,1,"16,1",
48,,,击退,霰弹塔击退敌人,{0}每次攻击会击退敌方单位{1}格,7110,Powerful,11,1,1,"15,1|16,1",66
65,,,弹丸收束,霰弹塔射程增加,{0}射程+{1}%,7157,Powerful,11,1,1,,
66,,,赏金猎人,霰弹塔击杀或者建造点,{0}每击杀{1}个敌人，获得{2}建造点,7159,Powerful,11,1,1,"67,1",48
67,,,狂热,霰弹塔击杀敌人提升攻击,{0}击杀{1}个敌人后，下一次攻击伤害+{2}%,7161,Powerful,11,1,1,"15,1",
85,,,巨型回旋镖,回旋飞镖塔子弹增大,{0}子弹体积增大{1}%,7321,Powerful,10,1,1,,
86,,,强化投掷,回旋飞镖塔范围增加飞行速度增加,{0}范围增大{1}%，飞行速度+{2}%,7323,Powerful,10,1,1,"85,1",
87,,,连续投掷,回旋飞镖塔子弹增加攻速降低,{0}子弹+{1}，攻速-{2}%,7326,Powerful,10,1,1,"13,1",
88,,,激励,回旋飞镖塔击杀增加攻速,{0}每击杀{1}个单位，攻速+{2}%，上限{3}%,7329,Powerful,10,1,1,"14,1",
46,,,连续投掷,回旋飞镖塔子弹增加攻速降低,{0}子弹数量+{1}，攻速-{2}%,7104,Powerful,10,1,1,,
47,,,致残,回旋飞镖塔命中减速,{0}子弹命中目标减速{1}%，持续{2}秒,7107,Powerful,10,1,1,,
62,,,回音镖,回旋飞镖塔子弹增加攻击降低,{0}子弹数+{1}倍，但是攻击-{2}%,7148,Powerful,10,1,1,,
63,,,热身运动,回旋飞镖塔发射子弹超过时攻速增加,{0}释放子弹数量超过{1}，攻速+{2}%，直到波次结束,7151,Powerful,10,1,1,,
49,,,巨兽杀手,天空之矛眩晕,若{0}击中目标血量超过{1}%，晕眩{2}秒，BOSS时间减半,7113,Powerful,12,1,1,"6,1",51
50,,,破甲,天空之矛防御下降,{0}击中的单位防御-{1}%，持续{2}秒,7116,Powerful,12,1,1,,
51,,,斩杀,天空之矛几率斩杀,{0}击中血量小于{1}%的单位有{2}%的概率斩杀,7119,Powerful,12,1,1,"52,1",49
52,,,精锐杀手,天空之矛boss攻击增加,{0}攻击精英/首领怪物时，攻击+{1}%,7122,Powerful,12,1,1,"5,1",
68,,,修复,天空之矛杀敌回复关卡血量,{0}每击杀{1}个敌人，回复{2}点已损失的羊村生命,7163,Powerful,12,1,1,"50,1|5,1|6,1",
79,,,连击球,电磁震荡塔子弹不消失,{0}子弹碰撞后不消失，但是伤害-{1}%,7187,Powerful,15,1,1,"59,1|22,1","81,82,83"
59,,,电磁加速,电磁震荡塔旋转速度增加,{0}能量球的旋转速度+{1}%,7141,Powerful,15,1,1,,
80,,,减速磁场,电磁震荡塔范围内怪物移速降低,{0}射程内的怪物移动速度-{1}%，多个电磁震荡塔不叠加,7190,Powerful,15,1,1,,
81,,,生物电能,电磁震荡塔杀敌获得能量球,{0}击杀{1}个敌人，获得{2}个能量球,7193,Powerful,15,1,1,"80,1",79
82,,,快速充能,电磁震荡塔生成间隔减少,{0}能量球生成间隔-{1}%,7195,Powerful,15,1,1,,79
83,,,能量转移,电磁震荡塔能量球消失增加周围暴击,每有{1}个能量球消失，{0}{2}格范围的塔暴击+{3}%，持续{4}秒，最多{5}层,7197,Powerful,15,1,1,,79
60,,,范围强化,风刃发射器范围增加,{0}索敌范围+{1}%,7143,Powerful,16,1,1,"24,1",
61,,,风刃连击,风刃发射器子弹增加射速降低,{0}子弹+{1}，射速-{2}%,7145,Powerful,16,1,1,,
73,,,风刃强化,风刃发射器子弹增大伤害增加,{0}子弹大小+{1}%，伤害+{2}%,7174,Powerful,16,1,1,"23,1",
74,,,穿透强化,风刃发射器穿透时攻击提高,{0}子弹每穿过一个敌方单位，子弹攻击+{1}%,7177,Powerful,16,1,1,"61,1",75
75,,,顺风射击,风刃发射器增加飞行距离,{0}{1}级+{2}飞行距离，{3}级+{4}飞行距离,7179,Powerful,16,1,1,"60,1",74
55,,,气球音爆,气球炸弹塔范围内眩晕,{0}爆炸范围有{1}%概率造成{2}秒晕眩,7131,Powerful,14,1,1,"57,1",58
56,,,碎片扩散,气球炸弹塔爆炸范围增加攻击下降,{0}爆炸范围+{1}%，但是攻击-{2}%,7134,Powerful,14,1,1,"20,1",
57,,,满载炸弹,气球炸弹塔几秒内无伤害增加子弹,{0}在{1}秒内没有造成伤害，下次攻击子弹+{2},7137,Powerful,14,1,1,,
58,,,空袭震波,气球炸弹塔击杀造成范围减血,{0}击杀的单位会对附近{1}格的空中单位造成此单位最大生命{2}%的伤害,7139,Powerful,14,1,1,"19,1",55
72,,,消灭折扣,气球炸弹塔杀敌免费升级,{0}击杀{1}个敌人后，升级将变为免费,7172,Powerful,14,1,1,"58,1",
201,,,火力强化,十字弓伤害增加,{0}伤害+{1}%,7000,Harm,1,1,1,,
211,,,火力强化,天空之矛伤害增加,{0}伤害+{1}%,7008,Harm,12,1,1,,
221,,,火力全开,防空飞弹塔每秒加攻速,{0}每{1}秒攻速+{2}%，持续{3}秒,7075,Powerful,2,1,1,,
231,,,范围强化,风刃发射器范围增加,{0}索敌范围+{1}%,7143,Powerful,16,1,1,,
241,,,减速磁场,电磁震荡塔范围内怪物移速降低,{0}射程内的怪物移动速度-{1}%，多个电磁震荡塔不叠加,7190,Powerful,15,1,1,,
251,,,小型陨石,火炮塔加子弹减范围,{0}子弹数量+{1}，爆炸范围减少{2}%,7094,Powerful,9,1,1,,
261,,,狂热,霰弹塔击杀敌人提升攻击,{0}击杀{1}个敌人后，下一次攻击伤害+{2}%,7161,Powerful,11,1,1,,
271,,,速射,飞镖发射器攻速增加,{0}攻速+{1}%,7034,CD,13,1,1,,
281,,,致残,回旋飞镖塔命中减速,{0}子弹命中目标减速{1}%，持续{2}秒,7107,Powerful,10,1,1,,
291,,,消灭折扣,气球炸弹塔杀敌免费升级,{0}击杀{1}个敌人后，升级将变为免费,7172,Powerful,14,1,1,,
35,,,投石机射程增加,投石机射程增加,射程+{1}%,7078,Powerful,3,1,1,,
36,,,"投石机子弹飞行距离越远,爆炸范围越大",投石机飞行格子增加爆炸范围,子弹每飞行1个格子，爆炸范围+{1}%,7080,Powerful,3,1,1,,
37,,,"投石机子弹飞行距离越远,伤害越大",投石机飞行格子增加伤害,子弹每飞行1个格子，伤害+{1}%,7082,Powerful,3,1,1,,
38,,,投石机子弹对爆炸中心一定范围内的敌人伤害增加,投石机爆炸中心伤害增加,子弹对爆炸中心的{1}%范围内的敌人伤害+{2}%,7084,Powerful,3,1,1,,
39,,,"投石机子弹飞行速度增加,伤害增加",投石机飞行速度增加伤害增加,子弹飞行速度+{1}%，伤害+{2}%,7086,Powerful,3,1,1,,
40,,,投石机命中时有几率眩晕敌人,投石机几率眩晕,子弹爆炸时有{1}%的几率使范围内的敌人眩晕{2}秒,7089,Powerful,3,1,1,,
41,,,镶嵌塔紫宝石目标增加,镶嵌塔闪电链目标数量增加,紫宝石闪电链目标数量+{1}个,7092,Powerful,4,1,1,,
9001,,,十字弓,肉鸽模式中解锁塔,携带<color=#3333DD>{0}</color>进入战斗,8000,Powerful,1,1,1,,
9002,,,飞镖发射器,肉鸽模式中解锁塔,携带<color=#3333DD>{0}</color>进入战斗,8001,Powerful,13,1,1,,
9003,,,防空飞弹塔,肉鸽模式中解锁塔,携带<color=#3333DD>{0}</color>进入战斗,8002,Powerful,2,1,1,,
9004,,,火炮塔,肉鸽模式中解锁塔,携带<color=#3333DD>{0}</color>进入战斗,8003,Powerful,9,1,1,,
9005,,,霰弹塔,肉鸽模式中解锁塔,携带<color=#3333DD>{0}</color>进入战斗,8004,Powerful,11,1,1,,
9006,,,回旋飞镖塔,肉鸽模式中解锁塔,携带<color=#3333DD>{0}</color>进入战斗,8005,Powerful,10,1,1,,
9007,,,天空之矛,肉鸽模式中解锁塔,携带<color=#3333DD>{0}</color>进入战斗,8006,Powerful,12,1,1,,
9008,,,风刃发射器,肉鸽模式中解锁塔,携带<color=#3333DD>{0}</color>进入战斗,8007,Powerful,16,1,1,,
9009,,,电磁震荡塔,肉鸽模式中解锁塔,携带<color=#3333DD>{0}</color>进入战斗,8008,Powerful,15,1,1,,
9010,,,气球炸弹塔,肉鸽模式中解锁塔,携带<color=#3333DD>{0}</color>进入战斗,8009,Powerful,14,1,1,,
