TowerSkill表格,,,,,,,,,,,,,,,,
Both,,,,,,,,,,,,,,,,
ID,VariableName,VariableComment,Name,Bullet,FireTime,FireEffect,FireAnimation,FireSound,CD,ClearTarget,SearchTarget,EnemyType,Param0,ParamDesc0,Param1,ParamDesc1
int,string,string,string,Vector<int>,Vector<float>,int,string,int,float,bool,SEARCH_TARGET(byte),TARGET_BEHAVIOUR_TYPE(byte),string,string,string,string
Both,None,None,Both,Both,Both,Both,Both,Both,Both,Both,Both,Both,Both,None,Both,None
唯一ID,生成的变量名,注释,技能名字,包含的子弹列表,"子弹发射的时间点列表,秒",释放时的特效,释放时的动作,释放时播放的音效,技能CD,"每次释放技能时是否会先清除目标,如果不清除,则只有上一次的目标不满足攻击条件时才会重新选择,当同时选择多个目标时仍然会每次重新选择",寻敌方式,敌人类型,参数0,参数描述0,参数1,参数描述1
,,,,SkillBullet,,Effect,,Audio,,,,,,,,
,,,,,,,,,,,,,,,,
,,,,,,,,,,,,,,,,
1001,SHI_ZI_GONG_1,一星十字弓,一星十字弓,10011,0,0,,3002,1.5,0,1,3,,,,
1002,SHI_ZI_GONG_1_PURPLE,一星十字弓紫宝石,一星十字弓紫宝石,10021,0,0,,3002,1.5,0,1,3,,,,
1003,SHI_ZI_GONG_1_RED,一星十字弓红宝石,一星十字弓红宝石,10031,0,0,,3002,1.5,0,1,3,,,,
1004,SHI_ZI_GONG_1_GREEN,一星十字弓绿宝石,一星十字弓绿宝石,10041,0,0,,3002,1.5,0,1,3,,,,
1005,SHI_ZI_GONG_1_BLUE,一星十字弓蓝宝石,一星十字弓蓝宝石,10051,0,0,,3002,1.5,0,1,3,,,,
1101,SHI_ZI_GONG_2,二星十字弓,二星十字弓,11011,0,0,,3002,1.4,0,1,3,,,,
1102,SHI_ZI_GONG_2_PURPLE,二星十字弓紫宝石,二星十字弓紫宝石,11021,0,0,,3002,1.4,0,1,3,,,,
1103,SHI_ZI_GONG_2_RED,二星十字弓红宝石,二星十字弓红宝石,11031,0,0,,3002,1.4,0,1,3,,,,
1104,SHI_ZI_GONG_2_GREEN,二星十字弓绿宝石,二星十字弓绿宝石,11041,0,0,,3002,1.4,0,1,3,,,,
1105,SHI_ZI_GONG_2_BLUE,二星十字弓蓝宝石,二星十字弓蓝宝石,11051,0,0,,3002,1.4,0,1,3,,,,
1201,SHI_ZI_GONG_3,三星十字弓,三星十字弓,12011,0,0,,3002,1.3,0,1,3,,,,
1202,SHI_ZI_GONG_3_PURPLE,三星十字弓紫宝石,三星十字弓紫宝石,12021,0,0,,3002,1.3,0,1,3,,,,
1203,SHI_ZI_GONG_3_RED,三星十字弓红宝石,三星十字弓红宝石,12031,0,0,,3002,1.3,0,1,3,,,,
1204,SHI_ZI_GONG_3_GREEN,三星十字弓绿宝石,三星十字弓绿宝石,12041,0,0,,3002,1.3,0,1,3,,,,
1205,SHI_ZI_GONG_3_BLUE,三星十字弓蓝宝石,三星十字弓蓝宝石,12051,0,0,,3002,1.3,0,1,3,,,,
12001,FEI_BIAO_FA_SHE_1,一星飞镖发射器,一星飞镖发射器,"120011,120012","0,0",0,,3008,0.6,0,1,1,,,,
12002,FEI_BIAO_FA_SHE_1_PURPLE,一星飞镖发射器紫宝石,一星飞镖发射器紫宝石,"120021,120022","0,0",0,,3008,0.6,0,1,1,,,,
12003,FEI_BIAO_FA_SHE_1_RED,一星飞镖发射器红宝石,一星飞镖发射器红宝石,"120031,120032","0,0",0,,3008,0.6,0,1,1,,,,
12004,FEI_BIAO_FA_SHE_1_GREEN,一星飞镖发射器绿宝石,一星飞镖发射器绿宝石,"120041,120042","0,0",0,,3008,0.6,0,1,1,,,,
12005,FEI_BIAO_FA_SHE_1_BLUE,一星飞镖发射器蓝宝石,一星飞镖发射器蓝宝石,"120051,120052","0,0",0,,3008,0.6,0,1,1,,,,
12101,FEI_BIAO_FA_SHE_2,二星飞镖发射器,二星飞镖发射器,"121011,121012","0,0",0,,3008,0.5,0,1,1,,,,
12102,FEI_BIAO_FA_SHE_2_PURPLE,二星飞镖发射器紫宝石,二星飞镖发射器紫宝石,"121021,121022","0,0",0,,3008,0.5,0,1,1,,,,
12103,FEI_BIAO_FA_SHE_2_RED,二星飞镖发射器红宝石,二星飞镖发射器红宝石,"121031,121032","0,0",0,,3008,0.5,0,1,1,,,,
12104,FEI_BIAO_FA_SHE_2_GREEN,二星飞镖发射器绿宝石,二星飞镖发射器绿宝石,"121041,121042","0,0",0,,3008,0.5,0,1,1,,,,
12105,FEI_BIAO_FA_SHE_2_BLUE,二星飞镖发射器蓝宝石,二星飞镖发射器蓝宝石,"121051,121052","0,0",0,,3008,0.5,0,1,1,,,,
12201,FEI_BIAO_FA_SHE_3,三星飞镖发射器,三星飞镖发射器,"122011,122012","0,0",0,,3008,0.4,0,1,1,,,,
12202,FEI_BIAO_FA_SHE_3_PURPLE,三星飞镖发射器紫宝石,三星飞镖发射器紫宝石,"122021,122022","0,0",0,,3008,0.4,0,1,1,,,,
12203,FEI_BIAO_FA_SHE_3_RED,三星飞镖发射器红宝石,三星飞镖发射器红宝石,"122031,122032","0,0",0,,3008,0.4,0,1,1,,,,
12204,FEI_BIAO_FA_SHE_3_GREEN,三星飞镖发射器绿宝石,三星飞镖发射器绿宝石,"122041,122042","0,0",0,,3008,0.4,0,1,1,,,,
12205,FEI_BIAO_FA_SHE_3_BLUE,三星飞镖发射器蓝宝石,三星飞镖发射器蓝宝石,"122051,122052","0,0",0,,3008,0.4,0,1,1,,,,
2001,FANG_KONG_FEI_DAN_1,一星防空飞弹塔,一星防空飞弹塔,"20011,20012,20013","0,0,0",0,,3023,2.6,0,1,2,,,,
2002,FANG_KONG_FEI_DAN_1_PURPLE,一星防空飞弹塔紫宝石,一星防空飞弹塔紫宝石,"20021,20022,20023","0,0,0",0,,3023,2.6,0,1,2,,,,
2003,FANG_KONG_FEI_DAN_1_RED,一星防空飞弹塔红宝石,一星防空飞弹塔红宝石,"20031,20032,20033","0,0,0",0,,3023,2.6,0,1,2,,,,
2004,FANG_KONG_FEI_DAN_1_GREEN,一星防空飞弹塔绿宝石,一星防空飞弹塔绿宝石,"20041,20042,20043","0,0,0",0,,3023,2.6,0,1,2,,,,
2005,FANG_KONG_FEI_DAN_1_BLUE,一星防空飞弹塔蓝宝石,一星防空飞弹塔蓝宝石,"20051,20052,20053","0,0,0",0,,3023,2.6,0,1,2,,,,
2101,FANG_KONG_FEI_DAN_2,二星防空飞弹塔,二星防空飞弹塔,"21011,21012,21013,21014","0,0,0,0",0,,3023,2.4,0,1,2,,,,
2102,FANG_KONG_FEI_DAN_2_PURPLE,二星防空飞弹塔紫宝石,二星防空飞弹塔紫宝石,"21021,21022,21023,21024","0,0,0,0",0,,3023,2.4,0,1,2,,,,
2103,FANG_KONG_FEI_DAN_2_RED,二星防空飞弹塔红宝石,二星防空飞弹塔红宝石,"21031,21032,21033,21034","0,0,0,0",0,,3023,2.4,0,1,2,,,,
2104,FANG_KONG_FEI_DAN_2_GREEN,二星防空飞弹塔绿宝石,二星防空飞弹塔绿宝石,"21041,21042,21043,21044","0,0,0,0",0,,3023,2.4,0,1,2,,,,
2105,FANG_KONG_FEI_DAN_2_BLUE,二星防空飞弹塔蓝宝石,二星防空飞弹塔蓝宝石,"21051,21052,21053,21054","0,0,0,0",0,,3023,2.4,0,1,2,,,,
2201,FANG_KONG_FEI_DAN_3,三星防空飞弹塔,三星防空飞弹塔,"22011,22012,22013,22014,22015","0,0,0,0,0",0,,3023,2.2,0,1,2,,,,
2202,FANG_KONG_FEI_DAN_3_PURPLE,三星防空飞弹塔紫宝石,三星防空飞弹塔紫宝石,"22021,22022,22023,22024,22025","0,0,0,0,0",0,,3023,2.2,0,1,2,,,,
2203,FANG_KONG_FEI_DAN_3_RED,三星防空飞弹塔红宝石,三星防空飞弹塔红宝石,"22031,22032,22033,22034,22035","0,0,0,0,0",0,,3023,2.2,0,1,2,,,,
2204,FANG_KONG_FEI_DAN_3_GREEN,三星防空飞弹塔绿宝石,三星防空飞弹塔绿宝石,"22041,22042,22043,22044,22045","0,0,0,0,0",0,,3023,2.2,0,1,2,,,,
2205,FANG_KONG_FEI_DAN_3_BLUE,三星防空飞弹塔蓝宝石,三星防空飞弹塔蓝宝石,"22051,22052,22053,22054,22055","0,0,0,0,0",0,,3023,2.2,0,1,2,,,,
8001,HUO_PAO_1,一星火炮塔,一星火炮塔,"80011,80012","0,0",0,,3014,6,0,1,1,30,下落的起始高度,,
8002,HUO_PAO_1_PURPLE,一星火炮塔紫宝石,一星火炮塔紫宝石,"80021,80022","0,0",0,,3014,6,0,1,1,30,下落的起始高度,,
8003,HUO_PAO_1_RED,一星火炮塔红宝石,一星火炮塔红宝石,"80031,80032","0,0",0,,3014,6,0,1,1,30,下落的起始高度,,
8004,HUO_PAO_1_GREEN,一星火炮塔绿宝石,一星火炮塔绿宝石,"80041,80042","0,0",0,,3014,6,0,1,1,30,下落的起始高度,,
8005,HUO_PAO_1_BLUE,一星火炮塔蓝宝石,一星火炮塔蓝宝石,"80051,80052","0,0",0,,3014,6,0,1,1,30,下落的起始高度,,
8101,HUO_PAO_2,二星火炮塔,二星火炮塔,"81011,81012","0,0",0,,3014,6,0,1,1,30,下落的起始高度,,
8102,HUO_PAO_2_PURPLE,二星火炮塔紫宝石,二星火炮塔紫宝石,"81021,81022","0,0",0,,3014,6,0,1,1,30,下落的起始高度,,
8103,HUO_PAO_2_RED,二星火炮塔红宝石,二星火炮塔红宝石,"81031,81032","0,0",0,,3014,6,0,1,1,30,下落的起始高度,,
8104,HUO_PAO_2_GREEN,二星火炮塔绿宝石,二星火炮塔绿宝石,"81041,81042","0,0",0,,3014,6,0,1,1,30,下落的起始高度,,
8105,HUO_PAO_2_BLUE,二星火炮塔蓝宝石,二星火炮塔蓝宝石,"81051,81052","0,0",0,,3014,6,0,1,1,30,下落的起始高度,,
8201,HUO_PAO_3,三星火炮塔,三星火炮塔,"82011,82012","0,0",0,,3014,6,0,1,1,30,下落的起始高度,,
8202,HUO_PAO_3_PURPLE,三星火炮塔紫宝石,三星火炮塔紫宝石,"82021,82022","0,0",0,,3014,6,0,1,1,30,下落的起始高度,,
8203,HUO_PAO_3_RED,三星火炮塔红宝石,三星火炮塔红宝石,"82031,82032","0,0",0,,3014,6,0,1,1,30,下落的起始高度,,
8204,HUO_PAO_3_GREEN,三星火炮塔绿宝石,三星火炮塔绿宝石,"82041,82042","0,0",0,,3014,6,0,1,1,30,下落的起始高度,,
8205,HUO_PAO_3_BLUE,三星火炮塔蓝宝石,三星火炮塔蓝宝石,"82051,82052","0,0",0,,3014,6,0,1,1,30,下落的起始高度,,
10001,XIAN_DAN_1,一星霰弹塔,一星霰弹塔,"1100011,1100012,1100012,1100012,1100012","0,0,0,0,0",0,,3020,1.3,0,1,1,,,,
10002,XIAN_DAN_1_PURPLE,一星霰弹塔紫宝石,一星霰弹塔紫宝石,"1100021,1100022,1100022,1100022,1100022","0,0,0,0,0",0,,3020,1.3,0,1,1,,,,
10003,XIAN_DAN_1_RED,一星霰弹塔红宝石,一星霰弹塔红宝石,"1100031,1100032,1100032,1100032,1100032","0,0,0,0,0",0,,3020,1.3,0,1,1,,,,
10004,XIAN_DAN_1_GREEN,一星霰弹塔绿宝石,一星霰弹塔绿宝石,"1100041,1100042,1100042,1100042,1100042","0,0,0,0,0",0,,3020,1.3,0,1,1,,,,
10005,XIAN_DAN_1_BLUE,一星霰弹塔蓝宝石,一星霰弹塔蓝宝石,"1100051,1100052,1100052,1100052,1100052","0,0,0,0,0",0,,3020,1.3,0,1,1,,,,
10101,XIAN_DAN_2,二星霰弹塔,二星霰弹塔,"1101011,1101012,1101012,1101012,1101012","0,0,0,0,0",0,,3020,1.2,0,1,1,,,,
10102,XIAN_DAN_2_PURPLE,二星霰弹塔紫宝石,二星霰弹塔紫宝石,"1101021,1101022,1101022,1101022,1101022","0,0,0,0,0",0,,3020,1.2,0,1,1,,,,
10103,XIAN_DAN_2_RED,二星霰弹塔红宝石,二星霰弹塔红宝石,"1101031,1101032,1101032,1101032,1101032","0,0,0,0,0",0,,3020,1.2,0,1,1,,,,
10104,XIAN_DAN_2_GREEN,二星霰弹塔绿宝石,二星霰弹塔绿宝石,"1101041,1101042,1101042,1101042,1101042","0,0,0,0,0",0,,3020,1.2,0,1,1,,,,
10105,XIAN_DAN_2_BLUE,二星霰弹塔蓝宝石,二星霰弹塔蓝宝石,"1101051,1101052,1101052,1101052,1101052","0,0,0,0,0",0,,3020,1.2,0,1,1,,,,
10201,XIAN_DAN_3,三星霰弹塔,三星霰弹塔,"1102011,1102012,1102012,1102012,1102012","0,0,0,0,0",0,,3020,1.1,0,1,1,,,,
10202,XIAN_DAN_3_PURPLE,三星霰弹塔紫宝石,三星霰弹塔紫宝石,"1102021,1102022,1102022,1102022,1102022","0,0,0,0,0",0,,3020,1.1,0,1,1,,,,
10203,XIAN_DAN_3_RED,三星霰弹塔红宝石,三星霰弹塔红宝石,"1102031,1102032,1102032,1102032,1102032","0,0,0,0,0",0,,3020,1.1,0,1,1,,,,
10204,XIAN_DAN_3_GREEN,三星霰弹塔绿宝石,三星霰弹塔绿宝石,"1102041,1102042,1102042,1102042,1102042","0,0,0,0,0",0,,3020,1.1,0,1,1,,,,
10205,XIAN_DAN_3_BLUE,三星霰弹塔蓝宝石,三星霰弹塔蓝宝石,"1102051,1102052,1102052,1102052,1102052","0,0,0,0,0",0,,3020,1.1,0,1,1,,,,
9001,QIU_XING_FEI_DAN_1,一星回旋飞镖塔,一星回旋飞镖塔,90011,0,0,,3047,1.5,0,1,2,,,,
9002,QIU_XING_FEI_DAN_1_PURPLE,一星回旋飞镖塔紫宝石,一星回旋飞镖塔紫宝石,90021,0,0,,3047,1.5,0,1,2,,,,
9003,QIU_XING_FEI_DAN_1_RED,一星回旋飞镖塔红宝石,一星回旋飞镖塔红宝石,90031,0,0,,3047,1.5,0,1,2,,,,
9004,QIU_XING_FEI_DAN_1_GREEN,一星回旋飞镖塔绿宝石,一星回旋飞镖塔绿宝石,90041,0,0,,3047,1.5,0,1,2,,,,
9005,QIU_XING_FEI_DAN_1_BLUE,一星回旋飞镖塔蓝宝石,一星回旋飞镖塔蓝宝石,90051,0,0,,3047,1.5,0,1,2,,,,
9101,QIU_XING_FEI_DAN_2,二星回旋飞镖塔,二星回旋飞镖塔,"91011,91012","0,0.35",0,,3047,1.5,0,1,2,,,,
9102,QIU_XING_FEI_DAN_2_PURPLE,二星回旋飞镖塔紫宝石,二星回旋飞镖塔紫宝石,"91021,91022","0,0.35",0,,3047,1.5,0,1,2,,,,
9103,QIU_XING_FEI_DAN_2_RED,二星回旋飞镖塔红宝石,二星回旋飞镖塔红宝石,"91031,91032","0,0.35",0,,3047,1.5,0,1,2,,,,
9104,QIU_XING_FEI_DAN_2_GREEN,二星回旋飞镖塔绿宝石,二星回旋飞镖塔绿宝石,"91041,91042","0,0.35",0,,3047,1.5,0,1,2,,,,
9105,QIU_XING_FEI_DAN_2_BLUE,二星回旋飞镖塔蓝宝石,二星回旋飞镖塔蓝宝石,"91051,91052","0,0.35",0,,3047,1.5,0,1,2,,,,
9201,QIU_XING_FEI_DAN_3,三星回旋飞镖塔,三星回旋飞镖塔,"92011,92012,92013","0,0.35,0.7",0,,3047,1.5,0,1,2,,,,
9202,QIU_XING_FEI_DAN_3_PURPLE,三星回旋飞镖塔紫宝石,三星回旋飞镖塔紫宝石,"92021,92022,92023","0,0.35,0.7",0,,3047,1.5,0,1,2,,,,
9203,QIU_XING_FEI_DAN_3_RED,三星回旋飞镖塔红宝石,三星回旋飞镖塔红宝石,"92031,92032,92033","0,0.35,0.7",0,,3047,1.5,0,1,2,,,,
9204,QIU_XING_FEI_DAN_3_GREEN,三星回旋飞镖塔绿宝石,三星回旋飞镖塔绿宝石,"92041,92042,92043","0,0.35,0.7",0,,3047,1.5,0,1,2,,,,
9205,QIU_XING_FEI_DAN_3_BLUE,三星回旋飞镖塔蓝宝石,三星回旋飞镖塔蓝宝石,"92051,92052,92053","0,0.35,0.7",0,,3047,1.5,0,1,2,,,,
11001,TIAN_KONG_ZHI_MAO_1,一星天空之矛,一星天空之矛,110011,0,0,,3005,2.6,0,1,2,,,,
11002,TIAN_KONG_ZHI_MAO_1_PURPLE,一星天空之矛紫宝石,一星天空之矛紫宝石,110021,0,0,,3005,2.6,0,1,2,,,,
11003,TIAN_KONG_ZHI_MAO_1_RED,一星天空之矛红宝石,一星天空之矛红宝石,110031,0,0,,3005,2.6,0,1,2,,,,
11004,TIAN_KONG_ZHI_MAO_1_GREEN,一星天空之矛绿宝石,一星天空之矛绿宝石,110041,0,0,,3005,2.6,0,1,2,,,,
11005,TIAN_KONG_ZHI_MAO_1_BLUE,一星天空之矛蓝宝石,一星天空之矛蓝宝石,110051,0,0,,3005,2.6,0,1,2,,,,
11101,TIAN_KONG_ZHI_MAO_2,二星天空之矛,二星天空之矛,111011,0,0,,3005,2.4,0,1,2,,,,
11102,TIAN_KONG_ZHI_MAO_2_PURPLE,二星天空之矛紫宝石,二星天空之矛紫宝石,111021,0,0,,3005,2.4,0,1,2,,,,
11103,TIAN_KONG_ZHI_MAO_2_RED,二星天空之矛红宝石,二星天空之矛红宝石,111031,0,0,,3005,2.4,0,1,2,,,,
11104,TIAN_KONG_ZHI_MAO_2_GREEN,二星天空之矛绿宝石,二星天空之矛绿宝石,111041,0,0,,3005,2.4,0,1,2,,,,
11105,TIAN_KONG_ZHI_MAO_2_BLUE,二星天空之矛蓝宝石,二星天空之矛蓝宝石,111051,0,0,,3005,2.4,0,1,2,,,,
11201,TIAN_KONG_ZHI_MAO_3,三星天空之矛,三星天空之矛,112011,0,0,,3005,2.2,0,1,2,,,,
11202,TIAN_KONG_ZHI_MAO_3_PURPLE,三星天空之矛紫宝石,三星天空之矛紫宝石,112021,0,0,,3005,2.2,0,1,2,,,,
11203,TIAN_KONG_ZHI_MAO_3_RED,三星天空之矛红宝石,三星天空之矛红宝石,112031,0,0,,3005,2.2,0,1,2,,,,
11204,TIAN_KONG_ZHI_MAO_3_GREEN,三星天空之矛绿宝石,三星天空之矛绿宝石,112041,0,0,,3005,2.2,0,1,2,,,,
11205,TIAN_KONG_ZHI_MAO_3_BLUE,三星天空之矛蓝宝石,三星天空之矛蓝宝石,112051,0,0,,3005,2.2,0,1,2,,,,
15001,BO_DONG_1,一星风刃发射器,一星风刃发射器,150011,0,0,,3032,4,0,1,3,20,飞行距离,,
15002,BO_DONG_1_PURPLE,一星风刃发射器紫宝石,一星风刃发射器紫宝石,150021,0,0,,3032,4,0,1,3,20,飞行距离,,
15003,BO_DONG_1_RED,一星风刃发射器红宝石,一星风刃发射器红宝石,150031,0,0,,3032,4,0,1,3,20,飞行距离,,
15004,BO_DONG_1_GREEN,一星风刃发射器绿宝石,一星风刃发射器绿宝石,150041,0,0,,3032,4,0,1,3,20,飞行距离,,
15005,BO_DONG_1_BLUE,一星风刃发射器蓝宝石,一星风刃发射器蓝宝石,150051,0,0,,3032,4,0,1,3,20,飞行距离,,
15101,BO_DONG_2,二星风刃发射器,二星风刃发射器,151011,0,0,,3032,3.8,0,1,3,20,飞行距离,,
15102,BO_DONG_2_PURPLE,二星风刃发射器紫宝石,二星风刃发射器紫宝石,151021,0,0,,3032,3.8,0,1,3,20,飞行距离,,
15103,BO_DONG_2_RED,二星风刃发射器红宝石,二星风刃发射器红宝石,151031,0,0,,3032,3.8,0,1,3,20,飞行距离,,
15104,BO_DONG_2_GREEN,二星风刃发射器绿宝石,二星风刃发射器绿宝石,151041,0,0,,3032,3.8,0,1,3,20,飞行距离,,
15105,BO_DONG_2_BLUE,二星风刃发射器蓝宝石,二星风刃发射器蓝宝石,151051,0,0,,3032,3.8,0,1,3,20,飞行距离,,
15201,BO_DONG_3,三星风刃发射器,三星风刃发射器,152011,0,0,,3032,3.6,0,1,3,20,飞行距离,,
15202,BO_DONG_3_PURPLE,三星风刃发射器紫宝石,三星风刃发射器紫宝石,152021,0,0,,3032,3.6,0,1,3,20,飞行距离,,
15203,BO_DONG_3_RED,三星风刃发射器红宝石,三星风刃发射器红宝石,152031,0,0,,3032,3.6,0,1,3,20,飞行距离,,
15204,BO_DONG_3_GREEN,三星风刃发射器绿宝石,三星风刃发射器绿宝石,152041,0,0,,3032,3.6,0,1,3,20,飞行距离,,
15205,BO_DONG_3_BLUE,三星风刃发射器蓝宝石,三星风刃发射器蓝宝石,152051,0,0,,3032,3.6,0,1,3,20,飞行距离,,
14001,ZHEN_DANG_1,一星电磁震荡塔,一星电磁震荡塔,140011,0,0,,3029,0.6,0,2,1,1,生成间隔,4,最大个数
14002,ZHEN_DANG_1_PURPLE,一星电磁震荡塔紫宝石,一星电磁震荡塔紫宝石,140021,0,0,,3029,0.6,0,2,1,1,生成间隔,4,最大个数
14003,ZHEN_DANG_1_RED,一星电磁震荡塔红宝石,一星电磁震荡塔红宝石,140031,0,0,,3029,0.6,0,2,1,1,生成间隔,4,最大个数
14004,ZHEN_DANG_1_GREEN,一星电磁震荡塔绿宝石,一星电磁震荡塔绿宝石,140041,0,0,,3029,0.6,0,2,1,1,生成间隔,4,最大个数
14005,ZHEN_DANG_1_BLUE,一星电磁震荡塔蓝宝石,一星电磁震荡塔蓝宝石,140051,0,0,,3029,0.6,0,2,1,1,生成间隔,4,最大个数
14101,ZHEN_DANG_2,二星电磁震荡塔,二星电磁震荡塔,141011,0,0,,3029,0.6,0,2,1,1,生成间隔,4,最大个数
14102,ZHEN_DANG_2_PURPLE,二星电磁震荡塔紫宝石,二星电磁震荡塔紫宝石,141021,0,0,,3029,0.6,0,2,1,1,生成间隔,4,最大个数
14103,ZHEN_DANG_2_RED,二星电磁震荡塔红宝石,二星电磁震荡塔红宝石,141031,0,0,,3029,0.6,0,2,1,1,生成间隔,4,最大个数
14104,ZHEN_DANG_2_GREEN,二星电磁震荡塔绿宝石,二星电磁震荡塔绿宝石,141041,0,0,,3029,0.6,0,2,1,1,生成间隔,4,最大个数
14105,ZHEN_DANG_2_BLUE,二星电磁震荡塔蓝宝石,二星电磁震荡塔蓝宝石,141051,0,0,,3029,0.6,0,2,1,1,生成间隔,4,最大个数
14201,ZHEN_DANG_3,三星电磁震荡塔,三星电磁震荡塔,142011,0,0,,3029,0.6,0,2,1,1,生成间隔,4,最大个数
14202,ZHEN_DANG_3_PURPLE,三星电磁震荡塔紫宝石,三星电磁震荡塔紫宝石,142021,0,0,,3029,0.6,0,2,1,1,生成间隔,4,最大个数
14203,ZHEN_DANG_3_RED,三星电磁震荡塔红宝石,三星电磁震荡塔红宝石,142031,0,0,,3029,0.6,0,2,1,1,生成间隔,4,最大个数
14204,ZHEN_DANG_3_GREEN,三星电磁震荡塔绿宝石,三星电磁震荡塔绿宝石,142041,0,0,,3029,0.6,0,2,1,1,生成间隔,4,最大个数
14205,ZHEN_DANG_3_BLUE,三星电磁震荡塔蓝宝石,三星电磁震荡塔蓝宝石,142051,0,0,,3029,0.6,0,2,1,1,生成间隔,4,最大个数
13001,QI_QIU_ZHA_DAN_1,一星气球炸弹塔,一星气球炸弹塔,130011,0,0,,3017,10,0,1,2,,,,
13002,QI_QIU_ZHA_DAN_1_PURPLE,一星气球炸弹塔紫宝石,一星气球炸弹塔紫宝石,130021,0,0,,3017,10,0,1,2,,,,
13003,QI_QIU_ZHA_DAN_1_RED,一星气球炸弹塔红宝石,一星气球炸弹塔红宝石,130031,0,0,,3017,10,0,1,2,,,,
13004,QI_QIU_ZHA_DAN_1_GREEN,一星气球炸弹塔绿宝石,一星气球炸弹塔绿宝石,130041,0,0,,3017,10,0,1,2,,,,
13005,QI_QIU_ZHA_DAN_1_BLUE,一星气球炸弹塔蓝宝石,一星气球炸弹塔蓝宝石,130051,0,0,,3017,10,0,1,2,,,,
13101,QI_QIU_ZHA_DAN_2,二星气球炸弹塔,二星气球炸弹塔,131011,0,0,,3017,10,0,1,2,,,,
13102,QI_QIU_ZHA_DAN_2_PURPLE,二星气球炸弹塔紫宝石,二星气球炸弹塔紫宝石,131021,0,0,,3017,10,0,1,2,,,,
13103,QI_QIU_ZHA_DAN_2_RED,二星气球炸弹塔红宝石,二星气球炸弹塔红宝石,131031,0,0,,3017,10,0,1,2,,,,
13104,QI_QIU_ZHA_DAN_2_GREEN,二星气球炸弹塔绿宝石,二星气球炸弹塔绿宝石,131041,0,0,,3017,10,0,1,2,,,,
13105,QI_QIU_ZHA_DAN_2_BLUE,二星气球炸弹塔蓝宝石,二星气球炸弹塔蓝宝石,131051,0,0,,3017,10,0,1,2,,,,
13201,QI_QIU_ZHA_DAN_3,三星气球炸弹塔,三星气球炸弹塔,132011,0,0,,3017,10,0,1,2,,,,
13202,QI_QIU_ZHA_DAN_3_PURPLE,三星气球炸弹塔紫宝石,三星气球炸弹塔紫宝石,132021,0,0,,3017,10,0,1,2,,,,
13203,QI_QIU_ZHA_DAN_3_RED,三星气球炸弹塔红宝石,三星气球炸弹塔红宝石,132031,0,0,,3017,10,0,1,2,,,,
13204,QI_QIU_ZHA_DAN_3_GREEN,三星气球炸弹塔绿宝石,三星气球炸弹塔绿宝石,132041,0,0,,3017,10,0,1,2,,,,
13205,QI_QIU_ZHA_DAN_3_BLUE,三星气球炸弹塔蓝宝石,三星气球炸弹塔蓝宝石,132051,0,0,,3017,10,0,1,2,,,,
3001,TOU_SHI_JI_1,一星投石机,一星投石机,30011,0,0,,3011,3.5,0,0,1,3,寻敌最小范围,,
3002,TOU_SHI_JI_1_PURPLE,一星投石机紫宝石,一星投石机紫宝石,30021,0,0,,3011,3.5,0,0,1,3,寻敌最小范围,,
3003,TOU_SHI_JI_1_RED,一星投石机红宝石,一星投石机红宝石,30031,0,0,,3011,3.5,0,0,1,3,寻敌最小范围,,
3004,TOU_SHI_JI_1_GREEN,一星投石机绿宝石,一星投石机绿宝石,30041,0,0,,3011,3.5,0,0,1,3,寻敌最小范围,,
3005,TOU_SHI_JI_1_BLUE,一星投石机蓝宝石,一星投石机蓝宝石,30051,0,0,,3011,3.5,0,0,1,3,寻敌最小范围,,
3101,TOU_SHI_JI_2,二星投石机,二星投石机,31011,0,0,,3011,3.3,0,0,1,3,寻敌最小范围,,
3102,TOU_SHI_JI_2_PURPLE,二星投石机紫宝石,二星投石机紫宝石,31021,0,0,,3011,3.3,0,0,1,3,寻敌最小范围,,
3103,TOU_SHI_JI_2_RED,二星投石机红宝石,二星投石机红宝石,31031,0,0,,3011,3.3,0,0,1,3,寻敌最小范围,,
3104,TOU_SHI_JI_2_GREEN,二星投石机绿宝石,二星投石机绿宝石,31041,0,0,,3011,3.3,0,0,1,3,寻敌最小范围,,
3105,TOU_SHI_JI_2_BLUE,二星投石机蓝宝石,二星投石机蓝宝石,31051,0,0,,3011,3.3,0,0,1,3,寻敌最小范围,,
3201,TOU_SHI_JI_3,三星投石机,三星投石机,32011,0,0,,3011,3.1,0,0,1,3,寻敌最小范围,,
3202,TOU_SHI_JI_3_PURPLE,三星投石机紫宝石,三星投石机紫宝石,32021,0,0,,3011,3.1,0,0,1,3,寻敌最小范围,,
3203,TOU_SHI_JI_3_RED,三星投石机红宝石,三星投石机红宝石,32031,0,0,,3011,3.1,0,0,1,3,寻敌最小范围,,
3204,TOU_SHI_JI_3_GREEN,三星投石机绿宝石,三星投石机绿宝石,32041,0,0,,3011,3.1,0,0,1,3,寻敌最小范围,,
3205,TOU_SHI_JI_3_BLUE,三星投石机蓝宝石,三星投石机蓝宝石,32051,0,0,,3011,3.1,0,0,1,3,寻敌最小范围,,
4002,XIANG_QIAN_1_PURPLE_1,一星镶嵌塔一星紫宝石,一星镶嵌塔一星紫宝石,40021,0,0,,3044,3.8,0,1,3,,,,
4003,XIANG_QIAN_1_RED,一星镶嵌塔红宝石,一星镶嵌塔红宝石,40031,0,0,,3035,2.8,0,1,3,,,,
4004,XIANG_QIAN_1_GREEN,一星镶嵌塔绿宝石,一星镶嵌塔绿宝石,40041,0,0,,3041,2.9,0,1,3,,,,
4005,XIANG_QIAN_1_BLUE,一星镶嵌塔蓝宝石,一星镶嵌塔蓝宝石,40051,0,0,,3038,2.7,0,1,3,,,,
4012,XIANG_QIAN_1_PURPLE_2,一星镶嵌塔二星紫宝石,一星镶嵌塔二星紫宝石,40121,0,0,,3044,3.7,0,1,3,,,,
4022,XIANG_QIAN_1_PURPLE_3,一星镶嵌塔三星紫宝石,一星镶嵌塔三星紫宝石,40221,0,0,,3044,3.6,0,1,3,,,,
4032,XIANG_QIAN_1_PURPLE_4,一星镶嵌塔四星紫宝石,一星镶嵌塔四星紫宝石,40321,0,0,,3044,3.5,0,1,3,,,,
4042,XIANG_QIAN_1_PURPLE_5,一星镶嵌塔五星紫宝石,一星镶嵌塔五星紫宝石,40421,0,0,,3044,3.4,0,1,3,,,,
4102,XIANG_QIAN_2_PURPLE_1,二星镶嵌塔一星紫宝石,二星镶嵌塔一星紫宝石,41021,0,0,,3044,3.7,0,1,3,,,,
4103,XIANG_QIAN_2_RED,二星镶嵌塔红宝石,二星镶嵌塔红宝石,41031,0,0,,3035,2.8,0,1,3,,,,
4104,XIANG_QIAN_2_GREEN,二星镶嵌塔绿宝石,二星镶嵌塔绿宝石,41041,0,0,,3041,2.9,0,1,3,,,,
4105,XIANG_QIAN_2_BLUE,二星镶嵌塔蓝宝石,二星镶嵌塔蓝宝石,41051,0,0,,3038,2.7,0,1,3,,,,
4112,XIANG_QIAN_2_PURPLE_2,二星镶嵌塔二星紫宝石,二星镶嵌塔二星紫宝石,41121,0,0,,3044,3.6,0,1,3,,,,
4122,XIANG_QIAN_2_PURPLE_3,二星镶嵌塔三星紫宝石,二星镶嵌塔三星紫宝石,41221,0,0,,3044,3.5,0,1,3,,,,
4132,XIANG_QIAN_2_PURPLE_4,二星镶嵌塔四星紫宝石,二星镶嵌塔四星紫宝石,41321,0,0,,3044,3.4,0,1,3,,,,
4142,XIANG_QIAN_2_PURPLE_5,二星镶嵌塔五星紫宝石,二星镶嵌塔五星紫宝石,41421,0,0,,3044,3.3,0,1,3,,,,
4202,XIANG_QIAN_3_PURPLE_1,三星镶嵌塔一星紫宝石,三星镶嵌塔一星紫宝石,42021,0,0,,3044,3.6,0,1,3,,,,
4203,XIANG_QIAN_3_RED,三星镶嵌塔红宝石,三星镶嵌塔红宝石,42031,0,0,,3035,2.8,0,1,3,,,,
4204,XIANG_QIAN_3_GREEN,三星镶嵌塔绿宝石,三星镶嵌塔绿宝石,42041,0,0,,3041,2.9,0,1,3,,,,
4205,XIANG_QIAN_3_BLUE,三星镶嵌塔蓝宝石,三星镶嵌塔蓝宝石,42051,0,0,,3038,2.7,0,1,3,,,,
4212,XIANG_QIAN_3_PURPLE_2,三星镶嵌塔二星紫宝石,三星镶嵌塔二星紫宝石,42121,0,0,,3044,3.5,0,1,3,,,,
4222,XIANG_QIAN_3_PURPLE_3,三星镶嵌塔三星紫宝石,三星镶嵌塔三星紫宝石,42221,0,0,,3044,3.4,0,1,3,,,,
4232,XIANG_QIAN_3_PURPLE_4,三星镶嵌塔四星紫宝石,三星镶嵌塔四星紫宝石,42321,0,0,,3044,3.3,0,1,3,,,,
4242,XIANG_QIAN_3_PURPLE_5,三星镶嵌塔五星紫宝石,三星镶嵌塔五星紫宝石,42421,0,0,,3044,3.2,0,1,3,,,,
